code,name,gender,country,team_code
1533246,PEDRERO Ofelia,Female,Mexico,ARCMTEAM3---CHN01
1535775,RADHI SHENAISHIL,Male,Iraq,ARCMTEAM3---COL01
1536055,AFLAKIKHAMSEH Majid,Male,IR Iran,ARCMTEAM3---FRA01
1536059,YOUSEFY Mehrdad,Male,IR Iran,ARCMTEAM3---GBR01
1536060,MADDAH Minoo,Female,IR Iran,ARCMTEAM3---IND01
1536328,LOFTUS Adriana,Female,Mexico,ARCMTEAM3---ITA01
1538313,FERRARA Fernando,Male,Argentina,ARCMTEAM3---JPN01
1538315,GULLA Alejandra,Female,Argentina,ARCMTEAM3---KAZ01
1538317,CAPURRO Santiago,Male,Argentina,ARCMTEAM3---KOR01
1538745,RONCONI Mariano,Male,Argentina,ARCMTEAM3---MEX01
1538748,PAULON Ezequiel,Male,Argentina,ARCMTEAM3---TPE01
1538751,VILA Matias,Male,Argentina,ARCMTEAM3---TUR01
1539598,KHEIRKHAH HAJIRASOULIAN Mohammadre.,Male,IR Iran,ARCWTEAM3---CHN01
1540258,DAVIS DIAZ David,Male,Mexico,ARCWTEAM3---FRA01
1540259,MENDOZA MORA Abel,Male,Mexico,ARCWTEAM3---GBR01
1540260,VICTORIA ESPINOSA de los Alfonso,Male,Mexico,ARCWTEAM3---GER01
1540522,MILANO Guillermo,Male,Argentina,ARCWTEAM3---INA01
1540638,GOMEZ CORA Santiago,Male,Argentina,ARCWTEAM3---IND01
1540639,GRAVANO Leonardo,Male,Argentina,ARCWTEAM3---KOR01
1540840,FILIORIANU Ana Luiza,Female,Romania,ARCWTEAM3---MAS01
1542341,SMAILI Badr,Male,Morocco,ARCWTEAM3---MEX01
1542904,OCEGUERA ORNELAS Pavel,Male,Mexico,ARCWTEAM3---NED01
1542908,VALENZUELA GOMEZ Maria,Female,Mexico,ARCWTEAM3---TPE01
1542913,MEZA PADILLA Jose,Male,Mexico,ARCWTEAM3---USA01
1542973,AGUILAR ROJAS Blajaith,Female,Mexico,ARCXTEAM2---AUS01
1542976,FURALEV Vladislav,Male,Mexico,ARCXTEAM2---BRA01
1543567,UPTON Patrick Anthony Howard,Male,India,ARCXTEAM2---CAN01
1543570,SCHOPMAN Johanna Dorothea Maria,Female,India,ARCXTEAM2---CHN01
1543575,HALKETT Rhett Kennedy,Male,India,ARCXTEAM2---COL01
1543576,FULTON Craig Arthur,Male,India,ARCXTEAM2---CZE01
1543577,FARRY Anthony James,Male,India,ARCXTEAM2---EGY01
1544157,THORPE Karen,Female,Great Britain,ARCXTEAM2---ESP01
1544158,TOMOMATSU Yumiko,Female,Great Britain,ARCXTEAM2---FRA01
1544489,CURRAN Orlaith,Female,Ireland,ARCXTEAM2---GBR01
1545106,NASKAR Arup,Male,India,ARCXTEAM2---GER01
1545139,CHINNASAMY Ashok Kumar,Male,India,ARCXTEAM2---INA01
1545947,BUSNARI Alberto,Male,Italy,ARCXTEAM2---IND01
1545949,COCCIARO Giuseppe,Male,Italy,ARCXTEAM2---ISR01
1545950,FORTUNA Marco,Male,Italy,ARCXTEAM2---ITA01
1545955,BERGAMELLI Monica Roberta,Female,Italy,ARCXTEAM2---JPN01
1546310,CHIRILCENCO Marc Michel,Male,Algeria,ARCXTEAM2---KOR01
1546312,HAMICI Saad Eddine,Male,Algeria,ARCXTEAM2---MDA01
1546698,HERRANZ MARTIN Miguel Angel,Male,Spain,ARCXTEAM2---MEX01
1546699,RAMAL MUNOZ Jesus,Male,Spain,ARCXTEAM2---NED01
1546700,SEIJO GIEBELS Christian Jaime,Male,Spain,ARCXTEAM2---SLO01
1546701,TOLEDO AROCA Antonio,Male,Spain,ARCXTEAM2---TPE01
1546702,YAGUE ENRIQUE Brigida,Female,Spain,ARCXTEAM2---TUR01
1548427,JONES Gilmar,Male,Suriname,ARCXTEAM2---UKR01
1548848,DIMITROVA Vesela,Female,Bulgaria,ARCXTEAM2---USA01
1548875,STOYNEVA Yasena,Female,Bulgaria,ARCXTEAM2---UZB01
1548895,MARKOVA Branimira,Female,Bulgaria,ARCXTEAM2---VIE01
1548902,PAMUKOVA Mariyana,Female,Bulgaria,ATHM4X100M--AUS01
1548919,IVANOVA Valentina,Female,Bulgaria,ATHM4X100M--BRA01
1549452,LEE Eui Yong,Male,Gambia,ATHM4X100M--CAN01
1550038,ARILL Samuel,Male,Puerto Rico,ATHM4X100M--CHN01
1550039,MORALES OTERO Carlos,Male,Puerto Rico,ATHM4X100M--FRA01
1550047,BATISTA Gerardo,Male,Puerto Rico,ATHM4X100M--GBR01
1550196,COTUTIU Florin,Male,Romania,ATHM4X100M--GER01
1550198,JONES Daymon,Male,Romania,ATHM4X100M--GHA01
1550199,KIENS Patrick,Male,Romania,ATHM4X100M--ITA01
1550201,MOROSAN Corina,Female,Romania,ATHM4X100M--JAM01
1550203,VOINEA Camelia,Female,Romania,ATHM4X100M--JPN01
1550267,BERBECAR Marius,Male,Romania,ATHM4X100M--LBR01
1552001,LIU Tsung-Ta,Male,Chinese Taipei,ATHM4X100M--NED01
1555083,GEORGALLAS Irodotos,Male,Cyprus,ATHM4X100M--NGR01
1555113,PETRIDIS Panagiotis,Male,Cyprus,ATHM4X100M--RSA01
1555115,FLANNERY Eimear,Female,Ireland,ATHM4X100M--USA01
1555131,SHIPPI Panayiotis,Male,Cyprus,ATHM4X400M--BEL01
1555182,TRIKOMITI Chrystalleni,Female,Cyprus,ATHM4X400M--BOT01
1556249,DEACU George,Male,Romania,ATHM4X400M--BRA01
1556255,RATH Bogdan,Male,Romania,ATHM4X400M--ESP01
1557013,ARIAS Ramon,Male,Chile,ATHM4X400M--FRA01
1559048,WIBERG Johanna,Female,Sweden,ATHM4X400M--GBR01
1559066,FORSBERG Thomas,Male,Sweden,ATHM4X400M--GER01
1559067,AXNER Tomas,Male,Sweden,ATHM4X400M--IND01
1560169,DIOVOL Alioune,Male,Senegal,ATHM4X400M--ITA01
1561282,da ROCHA Cristiano,Male,Brazil,ATHM4X400M--JPN01
1561719,ALTENBURG Valentin,Male,Germany,ATHM4X400M--NGR01
1561732,HENNING Andre,Male,Germany,ATHM4X400M--POL01
1561734,SCHMITZ Johannes,Male,Germany,ATHM4X400M--RSA01
1561740,ARKELL Robin,Male,Germany,ATHM4X400M--TTO01
1561741,GADEMAN Pasha,Male,Germany,ATHM4X400M--USA01
1562260,WEIDINGER Markus,Male,Austria,ATHM4X400M--ZAM01
1562563,SOLBERG Glenn,Male,Sweden,ATHW4X100M--AUS01
1562564,SVENSSON Tomas,Male,Sweden,ATHW4X100M--BEL01
1562566,APELGREN Michael,Male,Sweden,ATHW4X100M--CAN01
1562778,TANKOUCHEV Milko,Male,Bulgaria,ATHW4X100M--CIV01
1562790,YANEV Filip,Male,Bulgaria,ATHW4X100M--ESP01
1562963,WINIARSKI Michal,Male,Germany,ATHW4X100M--FRA01
1562973,RANNER Thomas,Male,Germany,ATHW4X100M--GBR01
1562974,POSMYK Dominik,Male,Germany,ATHW4X100M--GER01
1563661,SALLAH Mariama M.,Female,Gambia,ATHW4X100M--ITA01
1563956,TUMILTY Mark,Male,Ireland,ATHW4X100M--JAM01
1563966,TOTH Balazs,Male,Germany,ATHW4X100M--NED01
1564287,QUSAI MUNIR,Male,Iraq,ATHW4X100M--NGR01
1564321,CRUZ LOPEZ Jose L,Male,Puerto Rico,ATHW4X100M--POL01
1564323,COLON Nelson,Male,Puerto Rico,ATHW4X100M--SUI01
1564325,CRUZ Rafael,Male,Puerto Rico,ATHW4X100M--TTO01
1564413,BESHEER Gamal,Male,Egypt,ATHW4X100M--USA01
1564469,MOHAMED Ahmed,Male,Egypt,ATHW4X400M--BEL01
1564470,ABDELMEGUID Zakaria,Male,Egypt,ATHW4X400M--CAN01
1564477,MOHAMED Mayar,Female,Egypt,ATHW4X400M--CUB01
1564481,HUSSEIN Noha,Female,Egypt,ATHW4X400M--ESP01
1565043,MOUNDOUNGA KOMBILA Stephane,Male,Gabon,ATHW4X400M--FRA01
1565143,MLADENOVA Albena,Female,Austria,ATHW4X400M--GBR01
1565591,AL-ASSAF Faris,Male,Jordan,ATHW4X400M--GER01
1565609,ALSADEQ Yazan,Male,Jordan,ATHW4X400M--IND01
1565612,ALJALLAD Riham,Female,Jordan,ATHW4X400M--IRL01
1565657,KRAVCHENKO Sergiy,Male,Ukraine,ATHW4X400M--ITA01
1565672,ROTAN Ruslan,Male,Ukraine,ATHW4X400M--JAM01
1565759,SIREKANYAN Gurgen,Male,Jordan,ATHW4X400M--NED01
1566325,FREHSE Gabriele,Female,Austria,ATHW4X400M--NOR01
1566746,SAHIN Ali,Male,Türkiye,ATHW4X400M--POL01
1566749,TAZEGUL Servet,Male,Türkiye,ATHW4X400M--SUI01
1567065,BABEL Vincent,Male,Suriname,ATHW4X400M--USA01
1568152,GOKTEKIN Yilmaz,Male,Türkiye,ATHX42KWALKTAUS01
1568153,NURI Tufan,Male,Türkiye,ATHX42KWALKTAUS02
1568648,GOJKOVIC Vladimir,Male,Montenegro,ATHX42KWALKTBRA01
1569994,TOMAS Toni,Male,Great Britain,ATHX42KWALKTCAN01
1569995,LAURA Veljko,Male,Croatia,ATHX42KWALKTCHN01
1569996,MESAROV Dejan,Male,Croatia,ATHX42KWALKTCHN02
1572261,GALAMBOS Bence,Male,Hungary,ATHX42KWALKTCOL01
1572269,MARTON Luana,Female,Hungary,ATHX42KWALKTCOL02
1572364,SALIM Gergely,Male,Hungary,ATHX42KWALKTCZE01
1572370,SALIM Sharif Gergely,Male,Hungary,ATHX42KWALKTECU01
1572373,MIKKONEN Suvi,Female,Hungary,ATHX42KWALKTESP01
1572650,ROUSSEAUX Emile,Male,France,ATHX42KWALKTESP02
1572652,ANDRE Felix,Male,France,ATHX42KWALKTFRA01
1572654,GAUTHIER Charles,Male,France,ATHX42KWALKTGER01
1573466,TOUPANE Jean Aime,Male,France,ATHX42KWALKTHUN01
1573467,MELAIN Catherine,Female,France,ATHX42KWALKTIND01
1573468,GAUTIER David,Male,France,ATHX42KWALKTITA01
1573469,HALIN Gregory,Male,France,ATHX42KWALKTJPN01
1573470,LEONARD Christophe,Male,France,ATHX42KWALKTJPN02
1573668,COLLET Vincent,Male,France,ATHX42KWALKTMEX01
1573669,DONNADIEU Pascal,Male,France,ATHX42KWALKTPER01
1573670,ATKINSON Kenny,Male,France,ATHX42KWALKTPOL01
1573671,NELHOMME Ruddy,Male,France,ATHX42KWALKTSVK01
1573672,GOMIS Joseph,Male,France,ATHX42KWALKTTUR01
1574076,CIAMARRA Roberto,Male,France,ATHX42KWALKTUKR01
1574080,GEILER Loic,Male,France,ATHX4X400M--BAH01
1574082,GIANI Andrea,Male,France,ATHX4X400M--BEL01
1830240,WENG Shih-Hang,Male,Chinese Taipei,ATHX4X400M--DOM01
1835894,TSAI Heng-Cheng,Male,Chinese Taipei,ATHX4X400M--FRA01
1878950,SANTARELLI Daniele,Male,Türkiye,ATHX4X400M--GBR01
1878952,FLISI Diego,Male,Türkiye,ATHX4X400M--GER01
1878956,ZOTTA Andrea,Male,Türkiye,ATHX4X400M--IRL01
1879044,VATANSEVER Recep,Male,Türkiye,ATHX4X400M--ITA01
1879645,DARET Jerome,Male,France,ATHX4X400M--JAM01
1879871,KRUMBHOLZ Olivier,Male,France,ATHX4X400M--KEN01
1879872,GARDILLOU Sebastien,Male,France,ATHX4X400M--NED01
1879875,LEYNAUD Amandine,Female,France,ATHX4X400M--NGR01
1880219,GALKIN Evgeniy,Male,Uzbekistan,ATHX4X400M--POL01
1880226,ABDUSAMATOV Khusniddin,Male,Uzbekistan,ATHX4X400M--SUI01
1880388,MWEMA Kevin,Male,Kenya,ATHX4X400M--UKR01
1880389,AMONDE Andrew,Male,Kenya,ATHX4X400M--USA01
1880390,KISIA Louis,Male,Kenya,BDMMDOUBLES-CAN01
1880620,HRUBESCH Horst,Male,Germany,BDMMDOUBLES-CHN01
1880626,CARLSON Britta,Female,Germany,BDMMDOUBLES-CHN02
1880629,FUCHS Michael,Male,Germany,BDMMDOUBLES-CZE01
1880639,NOERENBERG Thomas,Male,Germany,BDMMDOUBLES-DEN01
1880657,MUKHAMEDOVA Rano,Female,Uzbekistan,BDMMDOUBLES-FRA01
1880659,VLASOVA Liliya,Female,Uzbekistan,BDMMDOUBLES-FRA02
1887640,KHAN Pavel,Male,Uzbekistan,BDMMDOUBLES-GBR01
1887642,RAFALOVICH Maksim,Male,Uzbekistan,BDMMDOUBLES-GER01
1887644,KHAN Vladimir,Male,Uzbekistan,BDMMDOUBLES-INA01
1887648,BAYKUZIYEV Jasur,Male,Uzbekistan,BDMMDOUBLES-IND01
1888131,PAKKAN Saim,Male,Serbia,BDMMDOUBLES-JPN01
1888241,NISHIIRI Toshihiro,Male,Japan,BDMMDOUBLES-KOR01
1888242,IKEDA Futoshi,Male,Japan,BDMMDOUBLES-MAS01
1888246,MIYAMOTO Tomomi,Female,Japan,BDMMDOUBLES-THA01
1888338,MENEZES Jude,Male,Japan,BDMMDOUBLES-TPE01
1888344,OZAWA Kazuyuki,Male,Japan,BDMMDOUBLES-USA01
1888372,ERSIMSEK Ahmetcan,Male,Serbia,BDMWDOUBLES-AUS01
1888498,ROTHMAN Neville,Male,Ireland,BDMWDOUBLES-BUL01
1891425,GELLE Noemi Katalin,Female,Hungary,BDMWDOUBLES-CHN01
1891653,NAGANUMA Atsushi,Male,Japan,BDMWDOUBLES-CHN02
1891659,HAZUI Shota,Male,Japan,BDMWDOUBLES-DEN01
1891667,SHIOTA Yoshinori,Male,Japan,BDMWDOUBLES-FRA01
1891684,KAWAI Mayo,Female,Japan,BDMWDOUBLES-HKG01
1891686,KASHIMA Tomoyo,Female,Japan,BDMWDOUBLES-INA01
1891688,NAKAJIMA Takako,Female,Japan,BDMWDOUBLES-IND01
1892047,KAPADZE Timur,Male,Uzbekistan,BDMWDOUBLES-JPN01
1892050,CHIGODAEV Sergey,Male,Uzbekistan,BDMWDOUBLES-JPN02
1893216,GILLE Guillaume,Male,France,BDMWDOUBLES-KOR01
1893217,MATHE Erick,Male,France,BDMWDOUBLES-KOR02
1893323,ALONSO TAPIA Rosendo,Male,France,BDMWDOUBLES-MAS01
1893324,ALONSO TAPIA Gulsah,Female,France,BDMWDOUBLES-THA01
1893325,JUNG Woomin,Male,France,BDMWDOUBLES-USA01
1894657,WILLE Jonas,Male,Norway,BDMXDOUBLES-ALG01
1894659,EGE Steinar,Male,Norway,BDMXDOUBLES-CHN01
1894661,BOQUIST Martin,Male,Norway,BDMXDOUBLES-CHN02
1894662,OLSSON Mats,Male,Norway,BDMXDOUBLES-DEN01
1894663,HERGEIRSSON Thorir,Male,Norway,BDMXDOUBLES-FRA01
1894666,LARSEN Tonje,Female,Norway,BDMXDOUBLES-HKG01
1894756,JOERGENSEN Michael,Male,Norway,BDMXDOUBLES-INA01
1895149,DRASOCZKY Imre,Male,Hungary,BDMXDOUBLES-JPN01
1895269,BRUUN Michael,Male,Denmark,BDMXDOUBLES-KOR01
1895270,JOERGENSEN Lars,Male,Denmark,BDMXDOUBLES-KOR02
1895275,KRONBORG Henrik,Male,Denmark,BDMXDOUBLES-MAS01
1895276,JACOBSEN Nikolaj,Male,Denmark,BDMXDOUBLES-NED01
1895279,JENSEN Jesper,Male,Denmark,BDMXDOUBLES-SGP01
1895408,SOYEZ Frederic,Male,France,BDMXDOUBLES-THA01
1895409,SALA Ramon,Male,France,BDMXDOUBLES-TPE01
1895410,LOMBI Jorge,Male,France,BDMXDOUBLES-USA01
1895517,SZUCS Robert,Male,Hungary,BK3MTEAM3---CHN01
1895520,TRENKA Janos,Male,Hungary,BK3MTEAM3---FRA01
1896158,HARVEY Mike,Male,Great Britain,BK3MTEAM3---LAT01
1896160,MAIZEROI Torann,Male,Great Britain,BK3MTEAM3---LTU01
1896164,MILLER Nelson,Male,Great Britain,BK3MTEAM3---NED01
1896167,STAMPER Martin,Male,Great Britain,BK3MTEAM3---POL01
1896246,POLJAKOVA Shanna,Female,Germany,BK3MTEAM3---SRB01
1896251,BELENKI Valeri,Male,Germany,BK3MTEAM3---USA01
1896252,CATANOIU Grigore,Male,Germany,BK3WTEAM3---AUS01
1896253,BRYLOK Hubert,Male,Germany,BK3WTEAM3---AZE01
1896258,TEMME Kay,Male,Germany,BK3WTEAM3---CAN01
1896262,PFEFFER Camilla,Female,Germany,BK3WTEAM3---CHN01
1896275,RASKINA Yuliya,Female,Germany,BK3WTEAM3---ESP01
1896279,CAMICIOTTI Giacomo,Male,Germany,BK3WTEAM3---FRA01
1896290,DUNAVSKA MINEKOVA Kameliya,Female,Germany,BK3WTEAM3---GER01
1896562,PARECKI Antoni Jerzy,Male,Japan,BK3WTEAM3---USA01
1896698,SNYMAN Philip,Male,South Africa,BKBMTEAM5---AUS01
1896700,LUCKAN Ghafoer,Male,South Africa,BKBMTEAM5---BRA01
1897091,GONZALEZ NUNEZ Arlen,Male,Cuba,BKBMTEAM5---CAN01
1897234,SHARABI Yechiam,Male,Israel,BKBMTEAM5---ESP01
1897292,BLECHER SIDOROVA Svetlana,Female,Israel,BKBMTEAM5---FRA01
1897395,ABDELRAHMAN Osama,Male,Egypt,BKBMTEAM5---GER01
1897398,YOUSSEF Mohamed,Male,Egypt,BKBMTEAM5---GRE01
1897518,ZAITSEVA Olesia,Female,Ukraine,BKBMTEAM5---JPN01
1897547,SARTYNSKYI Gennadii,Male,Ukraine,BKBMTEAM5---PUR01
1897548,GORBACHEVA Iryna,Female,Ukraine,BKBMTEAM5---SRB01
1897550,KAIUKOVA Iuliia,Female,Ukraine,BKBMTEAM5---SSD01
1897590,DERYUGINA Iryna,Female,Ukraine,BKBMTEAM5---USA01
1897591,BLOKHINA Iryna,Female,Ukraine,BKBWTEAM5---AUS01
1897592,KARDASH Maryna,Female,Ukraine,BKBWTEAM5---BEL01
1897594,VASYLIEVA Marharyta,Female,Ukraine,BKBWTEAM5---CAN01
1897752,KHOLOD Maryna,Female,New Zealand,BKBWTEAM5---CHN01
1897775,RA Sanghyun,Male,Fiji,BKBWTEAM5---ESP01
1897904,KIM Hyou Mi,Female,Korea,BKBWTEAM5---FRA01
1898398,ROSILLO ATENCIA Jose Antonio,Male,Norway,BKBWTEAM5---GER01
1898540,LAI Yawen,Female,China,BKBWTEAM5---JPN01
1898944,HERBERT Gordie,Male,Germany,BKBWTEAM5---NGR01
1898950,THOMAIDIS Lisa,Female,Germany,BKBWTEAM5---PUR01
1898951,PARSONS Sidney,Female,Germany,BKBWTEAM5---SRB01
1898953,MEADOWS Clarissa,Female,Germany,BKBWTEAM5---USA01
1898956,THUSS Anne,Female,Germany,CSPMC2-500M-AIN01
1898959,PERWAS Klaus,Male,Germany,CSPMC2-500M-ANG01
1898960,BRIELMEIER Bret,Male,Germany,CSPMC2-500M-BRA01
1898962,HERBERT Daniel,Male,Germany,CSPMC2-500M-CHN01
1899054,REVINGTON Paul,Male,Great Britain,CSPMC2-500M-CZE01
1899056,BROWNE Kwan,Male,Great Britain,CSPMC2-500M-ESP01
1899057,GLYNN Katie,Female,Great Britain,CSPMC2-500M-FRA01
1899058,HICKMAN Mark,Male,Great Britain,CSPMC2-500M-GER01
1899060,PAUL Jody,Male,Great Britain,CSPMC2-500M-HUN01
1899061,RALPH David,Male,Great Britain,CSPMC2-500M-ITA01
1899062,SIEBEN Craig,Male,Great Britain,CSPMC2-500M-KAZ01
1899085,GRESKOWIAK Arne,Male,Germany,CSPMC2-500M-NZL01
1899175,HOLGUIN Ramon,Male,Dominican Republic,CSPMC2-500M-ROU01
1899285,WUDTKE Erik,Male,Germany,CSPMK2-500M-AUS01
1899286,BEPPLER Jochen,Male,Germany,CSPMK2-500M-CAN01
1899289,ANDERSSON Mattias,Male,Germany,CSPMK2-500M-CHN01
1899294,GISLASON Alfred,Male,Germany,CSPMK2-500M-CZE01
1899296,GAUGISCH Markus,Male,Germany,CSPMK2-500M-ESP01
1899298,JANKOVIC Jasmina,Female,Germany,CSPMK2-500M-ESP02
1900728,HENRY Thierry,Male,France,CSPMK2-500M-GER01
1900729,BATICLE Gerald,Male,France,CSPMK2-500M-GER02
1900730,CLICHY Gael,Male,France,CSPMK2-500M-HUN01
1900731,JANOT Jeremie,Male,France,CSPMK2-500M-HUN02
1901253,PEREIRA BRAVO Joao,Male,Canada,CSPMK2-500M-KAZ01
1901258,SAMMELVUO Tuomas,Male,Canada,CSPMK2-500M-LTU01
1901261,HAWKINS Michael,Male,Canada,CSPMK2-500M-NZL01
1901805,ZHENG Wei,Female,China,CSPMK2-500M-POL01
1901806,JIA Nan,Male,China,CSPMK2-500M-POR01
1901810,PARK Myungsoo,Male,China,CSPMK2-500M-RSA01
1901818,RUPEREZ Cesar,Male,China,CSPMK2-500M-SRB01
1901832,USUI Tomohiro,Male,Japan,CSPMK2-500M-SRB02
1901835,KONNO Kakeru,Male,Japan,CSPMK2-500M-UKR01
1901836,SUZUKI Yoshikazu,Male,Japan,CSPMK2-500M-USA01
1901839,ONZUKA Toru,Male,Japan,CSPMK4-500M-AUS01
1901846,SASSA Norio,Male,Japan,CSPMK4-500M-CAN01
1901849,GAINES Corey,Male,Japan,CSPMK4-500M-CHN01
1901850,HOVASSE Tom,Male,Japan,CSPMK4-500M-DEN01
1901851,KATSUHISA Geoffrey,Male,Japan,CSPMK4-500M-ESP01
1902695,CHOI Chatchai,Male,Thailand,CSPMK4-500M-GER01
1902795,SONKHAM Chanatip,Female,Thailand,CSPMK4-500M-HUN01
1902914,RUSEK Pawel,Male,Poland,CSPMK4-500M-LTU01
1902918,GRBIC Nikola,Male,Poland,CSPMK4-500M-NZL01
1902919,SWACZYNA Adam,Male,Poland,CSPMK4-500M-SRB01
1903371,MATOSEVIC Valter,Male,Croatia,CSPMK4-500M-UKR01
1903379,SIGURDSSON Dagur,Male,Croatia,CSPWC2-500M-CAN01
1903381,SPOLJARIC Denis,Male,Croatia,CSPWC2-500M-CHI01
1903569,DUPUIS Kevin,Male,France,CSPWC2-500M-CHN01
1903570,GEORGE Martine,Female,France,CSPWC2-500M-CUB01
1903575,POTAPENKO Valentin,Male,France,CSPWC2-500M-ESP01
1903577,HAGARD Monique,Female,France,CSPWC2-500M-FRA01
1903584,BARANOVA VOLCHETSKAYA Anna,Female,France,CSPWC2-500M-GER01
1903585,BAYON Sara,Female,France,CSPWC2-500M-HUN01
1903590,GUILLIERE Katia,Female,France,CSPWC2-500M-KAZ01
1903594,MILAN Gregory,Male,France,CSPWC2-500M-MDA01
1903707,ABDELFATTAH Aziza,Female,Egypt,CSPWC2-500M-NGR01
1903722,MOHAMED Mai,Female,Egypt,CSPWC2-500M-POL01
1903754,LATIF Yasmine,Female,Egypt,CSPWC2-500M-UKR01
1903771,FABRE Julie,Female,France,CSPWK2-500M-AUS01
1903772,OBRY Laure,Female,France,CSPWK2-500M-BEL01
1903773,ANNEQUIN Marie,Female,France,CSPWK2-500M-CAN01
1903829,ANGILLIS Pascal,Male,Belgium,CSPWK2-500M-CHN01
1903832,KAISER Pierre-Yves,Male,Belgium,CSPWK2-500M-DEN01
1903833,LORENT Jill,Female,Belgium,CSPWK2-500M-ESP01
1903888,de SCHEPPER Bram,Male,Belgium,CSPWK2-500M-FRA01
1903889,DECKX Stefan,Male,Belgium,CSPWK2-500M-GER01
1903900,RECKINGER Xavier,Male,Belgium,CSPWK2-500M-GER02
1904214,JEONG Eul Jin,Male,Korea,CSPWK2-500M-HUN01
1904215,KANG Bo Hyeon,Female,Korea,CSPWK2-500M-HUN02
1904220,LEE Dongchul,Male,Korea,CSPWK2-500M-MEX01
1904221,OH Hyeri,Female,Korea,CSPWK2-500M-NED01
1904223,SON Hyo Bong,Male,Korea,CSPWK2-500M-NOR01
1904759,BEAGLEY Michael,Male,Great Britain,CSPWK2-500M-NZL01
1904761,CLAY Jenny,Female,Great Britain,CSPWK2-500M-NZL02
1904762,COLLIE Barry,Male,Great Britain,CSPWK2-500M-POL01
1904765,HALL Paul,Male,Great Britain,CSPWK2-500M-POL02
1904766,HANN Scott,Male,Great Britain,CSPWK2-500M-RSA01
1904767,HOWELLS Ben,Male,Great Britain,CSPWK2-500M-SWE01
1904768,INCE Brett,Male,Great Britain,CSPWK4-500M-AUS01
1904769,KENWRIGHT David,Male,Great Britain,CSPWK4-500M-CAN01
1904771,RICHARDSON Joshua,Male,Great Britain,CSPWK4-500M-CHN01
1904772,RICHARDSON Molly,Female,Great Britain,CSPWK4-500M-ESP01
1904775,TRANDABURU Ionut,Male,Great Britain,CSPWK4-500M-GER01
1904996,JANKOVSKY Viktor,Male,Czechia,CSPWK4-500M-HUN01
1904998,ZHEREBCHEVSKYI Anton,Male,Czechia,CSPWK4-500M-NOR01
1904999,HYBRANT Bohuslav,Male,Czechia,CSPWK4-500M-NZL01
1906041,FOULARD Gael,Male,France,CSPWK4-500M-POL01
1906042,JAQUET Nicolas,Male,France,CSPWK4-500M-SRB01
1906448,LORANTOS Theodoros,Male,France,CTRMMADISON-AUS01
1906454,DERENTY Lorene,Female,France,CTRMMADISON-AUT01
1906462,BRUZZO Florian,Male,France,CTRMMADISON-BEL01
1906468,KOBESCAK Vjekoslav,Male,France,CTRMMADISON-CAN01
1908234,MENDEZ Marcelo,Male,Argentina,CTRMMADISON-CZE01
1908241,LOPEZ Martin,Male,Argentina,CTRMMADISON-DEN01
1908245,RICO GOLBA Pablo,Male,Argentina,CTRMMADISON-ESP01
1908299,ALVAREZ Jorge,Male,Argentina,CTRMMADISON-FRA01
1908401,ARROYO Gavin,Male,United States,CTRMMADISON-GBR01
1908402,UDOVICIC Dejan,Male,United States,CTRMMADISON-GER01
1908403,USTASZEWSKI Matt,Male,United States,CTRMMADISON-ITA01
1908408,CAHILL Molly,Female,United States,CTRMMADISON-JPN01
1908409,KRIKORIAN Adam,Male,United States,CTRMMADISON-NED01
1908410,OEDING Chris,Male,United States,CTRMMADISON-NZL01
1908549,AMADOU Soumaila,Male,Niger,CTRMMADISON-POR01
1908649,KWIEK Marcos,Male,Dominican Republic,CTRMPURTEAM4AUS01
1908654,ROCHA PACHECO Wagner,Male,Dominican Republic,CTRMPURTEAM4BEL01
1908776,YAMAMOTO Hayato,Male,Japan,CTRMPURTEAM4CAN01
1908788,AMOR Simon Daniel Edward,Male,Japan,CTRMPURTEAM4DEN01
1908796,SUZUKI Takashi,Male,Japan,CTRMPURTEAM4FRA01
1908800,SAKATA Takahiro,Male,Japan,CTRMPURTEAM4GBR01
1908801,UMEDA Koichi,Male,Japan,CTRMPURTEAM4GER01
1908804,KANEMATSU Yuka,Female,Japan,CTRMPURTEAM4ITA01
1908808,SANCHEZ DURAN Wilson,Male,Dominican Republic,CTRMPURTEAM4JPN01
1908861,ZHANG Xiaohuan,Female,China,CTRMPURTEAM4NZL01
1908862,WANG Jiuli,Female,China,CTRMSPRTEAM3AUS01
1908863,HE Xiaochu,Female,China,CTRMSPRTEAM3CAN01
1908864,SHEN Yingsha,Female,China,CTRMSPRTEAM3CHN01
1908865,TARRES CAMPA Ana,Female,China,CTRMSPRTEAM3FRA01
1908866,ZHAO Dantong,Female,China,CTRMSPRTEAM3GBR01
1909191,BUGDAEV Kurban,Male,Saudi Arabia,CTRMSPRTEAM3GER01
1909799,ASMOLOV Natalia,Female,Israel,CTRMSPRTEAM3JPN01
1909813,MAYRIN Ida,Female,Israel,CTRMSPRTEAM3NED01
1909827,SZUCS Krisztian,Male,Hungary,CTRWMADISON-AUS01
1909847,STSIAPANAVA Natalia,Female,Israel,CTRWMADISON-BEL01
1909857,VAISBURG Sergei,Male,Israel,CTRWMADISON-CAN01
1909866,KLEFNER BEN SHIMOL Moran,Female,Israel,CTRWMADISON-DEN01
1909923,ELNAFRAWY Mohamed,Male,Egypt,CTRWMADISON-FRA01
1909939,BEN JABALLAH Maaouia,Male,Tunisia,CTRWMADISON-GBR01
1910378,GUAN Jianmin,Male,China,CTRWMADISON-GER01
1910380,KIM Young Jin,Male,China,CTRWMADISON-IRL01
1910382,KONG Fantao,Female,China,CTRWMADISON-ITA01
1910489,ZUSSMAN Ayelet,Female,Israel,CTRWMADISON-JPN01
1910511,SAMOFALOV Ela,Female,Israel,CTRWMADISON-NED01
1911256,ARZA Carlos Vivier,Male,Angola,CTRWMADISON-NZL01
1912238,CATITO Nelson,Male,Angola,CTRWMADISON-POL01
1913681,CAI Bin,Male,China,CTRWMADISON-SUI01
1913682,LI Yanlong,Male,China,CTRWMADISON-USA01
1913683,YUAN Zhi,Male,China,CTRWPURTEAM4AUS01
1914566,HYTTEL Tobias,Male,Denmark,CTRWPURTEAM4CAN01
1914822,SETTA Tarik,Male,Denmark,CTRWPURTEAM4FRA01
1914903,ACHARKI Aziz,Male,Denmark,CTRWPURTEAM4GBR01
1915796,TUCAK Ivica,Male,Croatia,CTRWPURTEAM4GER01
1915797,POSINKOVIC Renco,Male,Croatia,CTRWPURTEAM4IRL01
1915807,MARELJA Jure,Male,Croatia,CTRWPURTEAM4ITA01
1915986,COURTEIX David,Male,France,CTRWPURTEAM4JPN01
1915987,IGARZA Germain,Male,France,CTRWPURTEAM4NZL01
1917115,COULIBALY Abdoulaye,Male,Mali,CTRWPURTEAM4USA01
1917164,DIALLO Badara Alou,Male,Mali,CTRWSPRTEAM3CAN01
1917720,DUNPHY Marv,Male,United States,CTRWSPRTEAM3CHN01
1917721,KIRALY Karch,Male,United States,CTRWSPRTEAM3GBR01
1917722,MIYASHIRO Tama,Female,United States,CTRWSPRTEAM3GER01
1917723,REFT Alfee,Male,United States,CTRWSPRTEAM3MEX01
1917725,VIRTUE Erin,Female,United States,CTRWSPRTEAM3NED01
1917858,BROWN Gareth,Male,United States,CTRWSPRTEAM3NZL01
1918016,FUERBRINGER Matt,Male,United States,CTRWSPRTEAM3POL01
1918018,SPERAW John,Male,United States,DIVM10MTEAM2AUS01
1918019,WEBER Javi,Male,United States,DIVM10MTEAM2CAN01
1918026,WALL Mike,Male,United States,DIVM10MTEAM2CHN01
1918543,TOKUMOTO Yukito,Male,Japan,DIVM10MTEAM2FRA01
1918556,BLAIN Philippe,Male,Japan,DIVM10MTEAM2GBR01
1918560,FUKATSU Takayuki,Male,Japan,DIVM10MTEAM2GER01
1918568,ITOH Kenji,Male,Japan,DIVM10MTEAM2MEX01
1918571,MANABE Masayoshi,Male,Japan,DIVM10MTEAM2UKR01
1918572,KAWAKITA Gen,Male,Japan,DIVM3MTEAM2-CHN01
1918766,REZA Surian,Male,New Zealand,DIVM3MTEAM2-ESP01
1918882,CHEN Wei,Male,China,DIVM3MTEAM2-FRA01
1918883,HE Hua,Female,China,DIVM3MTEAM2-GBR01
1918884,JIN Weiguo,Male,China,DIVM3MTEAM2-ITA01
1918885,LI Dezhi,Male,China,DIVM3MTEAM2-MEX01
1918886,LIU Jinyu,Male,China,DIVM3MTEAM2-UKR01
1918887,LIU Tao,Male,China,DIVM3MTEAM2-USA01
1918889,LU le,Male,China,DIVW10MTEAM2CAN01
1918890,SUN Ping,Female,China,DIVW10MTEAM2CHN01
1918891,TENG Haibin,Male,China,DIVW10MTEAM2FRA01
1918893,WANG Liming,Male,China,DIVW10MTEAM2GBR01
1918894,XU Jinglei,Female,China,DIVW10MTEAM2MEX01
1918895,ZHANG Haiyan,Female,China,DIVW10MTEAM2PRK01
1918896,ZHENG Hao,Male,China,DIVW10MTEAM2UKR01
1918907,YE Sheng,Male,China,DIVW10MTEAM2USA01
1919322,SOTOMURA Kazutoshi,Male,Japan,DIVW3MTEAM2-AUS01
1919328,SHINTAKU Yuya,Male,Japan,DIVW3MTEAM2-CHN01
1919335,TOYOSHIMA Risa,Female,Japan,DIVW3MTEAM2-FRA01
1919338,TANAKA Hikaru,Male,Japan,DIVW3MTEAM2-GBR01
1919341,SATO Hiroaki,Male,Japan,DIVW3MTEAM2-GER01
1919343,SAITO Yoshihiro,Male,Japan,DIVW3MTEAM2-ITA01
1919511,JUN Jung Hooi,Male,Tajikistan,DIVW3MTEAM2-UKR01
1919719,LIKHADZIYEUSKI Anatoli,Male,AIN,DIVW3MTEAM2-USA01
1919734,ANTONYAN Sahak,Male,Armenia,EQUODRESTEAMAUS01
1919736,BERZHETS Viachaslau,Male,AIN,EQUODRESTEAMAUT01
1919740,NAZARYAN Hayk,Male,Armenia,EQUODRESTEAMBEL01
1919741,OGANESIANTC Avetis,Male,AIN,EQUODRESTEAMCAN01
1921141,de GIORGI Ferdinando,Male,Italy,EQUODRESTEAMDEN01
1921142,CAPONERI Massimo,Male,Italy,EQUODRESTEAMESP01
1921143,GIOLITO Nicola,Male,Italy,EQUODRESTEAMFIN01
1921148,VELASCO Julio,Male,Italy,EQUODRESTEAMFRA01
1921149,BARBOLINI Massimo,Male,Italy,EQUODRESTEAMGBR01
1921150,BERNARDI Lorenzo,Male,Italy,EQUODRESTEAMGER01
1922666,van DAMME Koen,Male,Belgium,EQUODRESTEAMNED01
1924891,DUGONJIC Ivo Martin,Male,Uruguay,EQUODRESTEAMPOL01
1924892,PUIG CARPANETO Gabriel,Male,Uruguay,EQUODRESTEAMPOR01
1924915,PRUNSKAS Algimantas,Male,Lithuania,EQUODRESTEAMSWE01
1925565,CAMPAGNA Alessandro,Male,Italy,EQUODRESTEAMUSA01
1925566,SILIPO Carlo,Male,Italy,EQUOEVENTEAMAUS01
1925568,FARINELLI Roberta,Female,Italy,EQUOEVENTEAMBEL01
1925590,POMILIO Amedeo,Male,Italy,EQUOEVENTEAMBRA01
1925602,GIALLOMBARDO Patrizia,Female,Italy,EQUOEVENTEAMCAN01
1925620,di CECCA Cosimino,Male,Italy,EQUOEVENTEAMFRA01
1925740,JANECKOVA Katerina,Female,Czechia,EQUOEVENTEAMGBR01
1925948,LEAL COLMENAREZ Mario,Male,Venezuela,EQUOEVENTEAMGER01
1926042,MOHAMMED Aisha,Female,Nigeria,EQUOEVENTEAMIRL01
1926057,GARCIA CABRERA David,Male,Puerto Rico,EQUOEVENTEAMITA01
1926527,DELANEY Mike,Male,New Zealand,EQUOEVENTEAMJPN01
1926529,McALEESE Shea,Male,New Zealand,EQUOEVENTEAMNED01
1926530,CLARK Gregg,Male,New Zealand,EQUOEVENTEAMNZL01
1926532,NICOL Greg,Male,New Zealand,EQUOEVENTEAMPOL01
1926601,MACKINTOSH Euan,Male,New Zealand,EQUOEVENTEAMSUI01
1926602,SWEENEY Cory,Male,New Zealand,EQUOEVENTEAMSWE01
1926603,GIBBS Rodney,Male,New Zealand,EQUOEVENTEAMUSA01
1926604,COCKER Edwin,Male,New Zealand,EQUOJUMPTEAMAUS01
1926605,CAMA Tomasi,Male,New Zealand,EQUOJUMPTEAMAUT01
1926606,ROSS Stu,Male,New Zealand,EQUOJUMPTEAMBEL01
1926607,MURPHY Amanda,Female,New Zealand,EQUOJUMPTEAMBRA01
1926612,McMASTER Travis,Male,New Zealand,EQUOJUMPTEAMCAN01
1927174,ANNAN Alyson Regina,Female,China,EQUOJUMPTEAMESP01
1927222,LU Zhuan,Male,China,EQUOJUMPTEAMFRA01
1927223,PASQUALETTI Massimo,Male,China,EQUOJUMPTEAMGBR01
1927270,GOMEZ AGUERA Salvador Emilio,Male,China,EQUOJUMPTEAMGER01
1927271,JANE GIRALT Juan,Male,China,EQUOJUMPTEAMIRL01
1927274,WU Zhiyu,Male,China,EQUOJUMPTEAMISR01
1927534,QU Tao,Female,China,EQUOJUMPTEAMJPN01
1927535,SUN Dan,Female,China,EQUOJUMPTEAMKSA01
1927537,XU Yanshu,Female,China,EQUOJUMPTEAMMEX01
1927542,BLIZNYUK Anastasia,Female,China,EQUOJUMPTEAMNED01
1927873,LARHOLM Erik Jonas,Male,Korea,EQUOJUMPTEAMPOL01
1927879,RADIC Vanja,Female,Korea,EQUOJUMPTEAMSUI01
1927880,SIGNELL Kurt Henrik,Male,Korea,EQUOJUMPTEAMSWE01
1927972,AGAFONTSEV Sergiy,Male,"Hong Kong, China",EQUOJUMPTEAMUAE01
1928060,KRCE Lucijan,Male,Croatia,EQUOJUMPTEAMUSA01
1928061,MADAREVIC Vladimir,Male,Croatia,FBLMTEAM11--ARG01
1928154,MWAPE Bruce,Male,Zambia,FBLMTEAM11--DOM01
1928466,LAVARINI Stefano,Male,Poland,FBLMTEAM11--EGY01
1928467,VETTORI Nicola,Male,Poland,FBLMTEAM11--ESP01
1928468,PACHLINSKI Krystian,Male,Poland,FBLMTEAM11--FRA01
1928469,SUFA Bartosz,Male,Poland,FBLMTEAM11--GUI01
1928714,NTHALA Charity,Female,Zambia,FBLMTEAM11--IRQ01
1929274,KOHLOFFEL Markus,Male,EOR,FBLMTEAM11--ISR01
1929291,ZAREEI SHAMSABADI Manni,Male,EOR,FBLMTEAM11--JPN01
1929319,SABAH Asif,Male,EOR,FBLMTEAM11--MAR01
1929643,YUSSUPOVA Aliya,Female,Kazakhstan,FBLMTEAM11--MLI01
1929644,DUISENGALIYEVA Danissa,Female,Kazakhstan,FBLMTEAM11--NZL01
1929663,NOLANO Claudio,Male,Italy,FBLMTEAM11--PAR01
1929717,ALFARO RODRIGUEZ Santiago,Male,Uruguay,FBLMTEAM11--UKR01
1930009,LEE KIM Daniel,Male,Uruguay,FBLMTEAM11--USA01
1930168,RENARD Herve,Male,France,FBLMTEAM11--UZB01
1930169,BONADEI Laurent,Male,France,FBLWTEAM11--AUS01
1930171,BLAHIC Eric,Male,France,FBLWTEAM11--BRA01
1930172,FOUACHE Gilles,Male,France,FBLWTEAM11--CAN01
1930294,MAMAYEV Nursultan,Male,Kazakhstan,FBLWTEAM11--COL01
1930295,KIM Kwangsu,Male,Kazakhstan,FBLWTEAM11--ESP01
1930296,BESBAYEV Olzhas,Male,Kazakhstan,FBLWTEAM11--FRA01
1930311,SAGYNAYEV Kanat,Male,Kazakhstan,FBLWTEAM11--GER01
1930636,DOBLER Mauro,Male,Argentina,FBLWTEAM11--JPN01
1930646,ECHEVERRY Alex,Male,Colombia,FBLWTEAM11--NGR01
1930666,PHIRI Yona,Male,Zambia,FBLWTEAM11--NZL01
1930695,GRAND'PIERRE Naomy Hope,Female,Haiti,FBLWTEAM11--USA01
1930765,LAMBDIN Stephen,Male,United States,FBLWTEAM11--ZAM01
1930922,ABARCA Megan,Female,United States,FENMTEAMEPEECZE01
1931463,MWILA Florence,Female,Zambia,FENMTEAMEPEEEGY01
1931488,ELFAKHARANY Hany,Male,Egypt,FENMTEAMEPEEFRA01
1931494,SIERRA MENDEZ Jose Manuel,Male,Egypt,FENMTEAMEPEEHUN01
1931502,PASTOR GOMEZ Juan Carlos,Male,Egypt,FENMTEAMEPEEITA01
1931612,VATKIN Vladimir,Male,Kazakhstan,FENMTEAMEPEEJPN01
1931614,KURBANOV Khussanzhan,Male,Kazakhstan,FENMTEAMEPEEKAZ01
1931616,KENESSOV Sapargali,Male,Kazakhstan,FENMTEAMEPEEVEN01
1932162,ALMAAZMI Abdalla,Male,Palestine,FENMTEAMFOILCAN01
1932176,RODRIGUEZ VAQUERO Jose Maria,Male,Hungary,FENMTEAMFOILCHN01
1932535,VELASCO ENCINAS Miguel Angel,Male,Hungary,FENMTEAMFOILEGY01
1933104,ZOLGHADRI Farzad,Male,Bulgaria,FENMTEAMFOILFRA01
1933362,GOLOVIN Vlagyimir Alekszandrovics,Male,Hungary,FENMTEAMFOILITA01
1933372,PIGNICZKI Krisztina,Female,Hungary,FENMTEAMFOILJPN01
1933474,MASCHERANO Javier,Male,Argentina,FENMTEAMFOILPOL01
1933569,MARSIGLIA Angelo,Male,Colombia,FENMTEAMFOILUSA01
1933763,RODRIGUEZ Lucas,Male,Argentina,FENMTEAMSABRCAN01
1934022,STILLITANO Leandro,Male,Argentina,FENMTEAMSABREGY01
1934443,AGUILAR ESTRADA Eduardo,Male,Spain,FENMTEAMSABRFRA01
1934447,CALDAS Maximiliano,Male,Spain,FENMTEAMSABRHUN01
1934451,GARCIA CUENCA Carlos,Male,Spain,FENMTEAMSABRIRI01
1934452,GAVILAN MORAL Diego Manuel,Male,Spain,FENMTEAMSABRITA01
1934457,GUTIERREZ ZULAICA Lorena,Female,Spain,FENMTEAMSABRKOR01
1934462,IGLESIAS BILBAO Alejandro,Male,Spain,FENMTEAMSABRUSA01
1934463,JARO MOLINA Rafael,Male,Spain,FENWTEAMEPEECHN01
1934464,LAZARO REINA Jordi,Male,Spain,FENWTEAMEPEEEGY01
1934466,MOVELLAN de la MAZA Borja,Male,Spain,FENWTEAMEPEEFRA01
1934467,PALOMERO MARTIN Oscar,Male,Spain,FENWTEAMEPEEITA01
1934811,PEREZ Carlos,Male,Colombia,FENWTEAMEPEEKOR01
1934831,CANTWELL Lynne,Female,South Africa,FENWTEAMEPEEPOL01
1934833,DAZEL Renfred,Male,South Africa,FENWTEAMEPEEUKR01
1934834,MOLOPYANE Obakeng,Male,South Africa,FENWTEAMEPEEUSA01
1934835,PARKER Naasier,Male,South Africa,FENWTEAMFOILCAN01
1934837,AFRIKA Cecil,Male,South Africa,FENWTEAMFOILCHN01
1935326,WAKAMA Rena,Female,Nigeria,FENWTEAMFOILEGY01
1935341,OLAJUWON Alon,Female,Nigeria,FENWTEAMFOILFRA01
1935667,FUENTES Andrea,Female,United States,FENWTEAMFOILITA01
1935669,TEIXEIRA Lara,Female,United States,FENWTEAMFOILJPN01
1935695,RUIZ CASAS Jairo,Male,Colombia,FENWTEAMFOILPOL01
1935699,LIM Alison,Female,Colombia,FENWTEAMFOILUSA01
1935822,ALONSO CALVO Adria,Male,Spain,FENWTEAMSABRALG01
1935823,BANGO MELCON Benjamin,Male,Spain,FENWTEAMSABRFRA01
1935824,BOTELLA PEREZ de LANDAZAB Isaac,Male,Spain,FENWTEAMSABRHUN01
1935825,CARRASCAL RUBIO Alvaro,Male,Spain,FENWTEAMSABRITA01
1935826,CASIMIRO ROS Javier,Male,Spain,FENWTEAMSABRJPN01
1935827,GUISADO MUNOZ Lucia,Female,Spain,FENWTEAMSABRKOR01
1935828,MARTINEZ SANCHEZ Manuel Angel,Male,Spain,FENWTEAMSABRUKR01
1935829,MIR HOMAR Pedro,Male,Spain,FENWTEAMSABRUSA01
1935830,RUEDA BRAVO Eva,Female,Spain,GARMTEAM----CAN01
1935831,SAN JOSE CRISTOBAL Almudena,Female,Spain,GARMTEAM----CHN01
1935832,BROWN LOPEZ Dagmara,Female,Spain,GARMTEAM----ESP01
1935833,FERRANDEZ ARENAS Monica,Female,Spain,GARMTEAM----GBR01
1935834,GARCIA GARCES Maria,Female,Spain,GARMTEAM----GER01
1935835,LINARES GARCIA Marta,Female,Spain,GARMTEAM----ITA01
1935836,MALCHAIR SELECQUE Caroline Martine,Female,Spain,GARMTEAM----JPN01
1935837,PELAZ MOTA Ana,Female,Spain,GARMTEAM----NED01
1935838,QUEREDA FLORES Alejandra,Female,Spain,GARMTEAM----SUI01
1936384,KASSMAN Edward,Male,Papua New Guinea,GARMTEAM----TUR01
1936918,PABLO Jose,Male,Angola,GARMTEAM----UKR01
1938936,FERREIRINHA Jose,Male,Portugal,GARMTEAM----USA01
1940069,CAPORN Adam,Male,Australia,GARWTEAM----AUS01
1940074,GOORJIAN Brian,Male,Australia,GARWTEAM----BRA01
1940075,CHAMBERS Cheryl,Female,Australia,GARWTEAM----CAN01
1940078,PATRICK David,Male,Australia,GARWTEAM----CHN01
1940088,NIELSEN Matt,Male,Australia,GARWTEAM----FRA01
1940089,GORISS Paul,Male,Australia,GARWTEAM----GBR01
1940092,CARROLL Ryan,Male,Australia,GARWTEAM----ITA01
1940093,BRONDELLO Sandy,Female,Australia,GARWTEAM----JPN01
1940094,SEEBHOM Shannon,Male,Australia,GARWTEAM----KOR01
1940331,PYSMENNA Oksana,Female,Korea,GARWTEAM----NED01
1940570,CHOI Jungyeol,Male,Korea,GARWTEAM----ROU01
1940575,KIM Daeeun,Male,Korea,GARWTEAM----USA01
1940578,KIM Jihoon,Male,Korea,GRYW5AA-----AUS01
1940583,LEE Sunsung,Male,Korea,GRYW5AA-----AZE01
1940584,MIN Ayoung,Female,Korea,GRYW5AA-----BRA01
1940930,CSEH Sandor Viktor,Male,Hungary,GRYW5AA-----BUL01
1941188,MUNALA Japheth,Male,Kenya,GRYW5AA-----CHN01
1941189,BARASA James,Male,Kenya,GRYW5AA-----EGY01
1941198,MIHOK Attila,Male,Hungary,GRYW5AA-----ESP01
1941323,TORTOSA Hugo,Male,Lesotho,GRYW5AA-----FRA01
1941674,TOPARI Yusuf,Male,Australia,GRYW5AA-----GER01
1941682,MITCHELL Katie,Female,Australia,GRYW5AA-----ISR01
1941683,BARABACH Mikhail,Male,Australia,GRYW5AA-----ITA01
1941685,WILSON Sean,Male,Australia,GRYW5AA-----MEX01
1941686,BELAN Tatsiana,Female,Australia,GRYW5AA-----UKR01
1941689,LI Xiaoqing,Female,Australia,GRYW5AA-----UZB01
1941847,DOUMBIA Bounafou,Male,Mali,HBLMTEAM7---ARG01
1941852,BARRETO Diego,Male,Paraguay,HBLMTEAM7---CRO01
1942626,DENIA Santi,Male,Spain,HBLMTEAM7---DEN01
1942627,GORDO David,Male,Spain,HBLMTEAM7---EGY01
1942638,MARTINEZ Ruben,Male,Spain,HBLMTEAM7---ESP01
1942803,ZIMMERMANN Matthieu,Male,Belgium,HBLMTEAM7---FRA01
1942804,EHREN Raoul,Male,Belgium,HBLMTEAM7---GER01
1942806,McLEOD Shane,Male,Belgium,HBLMTEAM7---HUN01
1942816,GAMBLUCH Leonardo,Male,Belgium,HBLMTEAM7---JPN01
1942828,VARGA Zsolt,Male,Hungary,HBLMTEAM7---NOR01
1942869,UGLESSICH Mariano,Male,Paraguay,HBLMTEAM7---SLO01
1943302,HAYES Emma,Female,United States,HBLMTEAM7---SWE01
1943308,REDDY Denise,Female,United States,HBLWTEAM7---ANG01
1943311,SEARLE Stuart,Male,United States,HBLWTEAM7---BRA01
1943842,JARA SAGUIER Carlos,Male,Paraguay,HBLWTEAM7---DEN01
1944188,COVELO Alex,Male,United States,HBLWTEAM7---ESP01
1944189,MITROVIC Marko,Male,United States,HBLWTEAM7---FRA01
1944190,PAYNE Russell,Male,United States,HBLWTEAM7---GER01
1944191,SEGARES Gonzalo,Male,United States,HBLWTEAM7---HUN01
1944971,MAYNE Michael,Male,New Zealand,HBLWTEAM7---KOR01
1944972,REED Duncan,Male,New Zealand,HBLWTEAM7---NED01
1944973,BAZELEY Darren,Male,New Zealand,HBLWTEAM7---NOR01
1944974,GOTHARD Paul,Male,New Zealand,HBLWTEAM7---SLO01
1944977,READINGS Tony,Male,New Zealand,HBLWTEAM7---SWE01
1944979,ELLIOTT Simon,Male,New Zealand,HOCMTEAM11--ARG01
1945000,SARVER Keri,Female,New Zealand,HOCMTEAM11--AUS01
1945433,POTTER Anthony,Male,Australia,HOCMTEAM11--BEL01
1945439,BATCH Colin,Male,Australia,HOCMTEAM11--ESP01
1945443,STANIFORTH Dave,Male,Australia,HOCMTEAM11--FRA01
1945447,MURRAY Emma,Female,Australia,HOCMTEAM11--GBR01
1945451,PURVIS Hugh,Male,Australia,HOCMTEAM11--GER01
1945457,DAVY Jeremy,Male,Australia,HOCMTEAM11--IND01
1945459,POWELL Katrina,Female,Australia,HOCMTEAM11--IRL01
1945474,HAMMOND Rob,Male,Australia,HOCMTEAM11--NED01
1945548,LU Xiaohui,Male,China,HOCMTEAM11--NZL01
1945549,ZHU Jiangtao,Male,China,HOCMTEAM11--RSA01
1945550,MA Chong,Male,China,HOCWTEAM11--ARG01
1945552,ZHU Jing,Male,China,HOCWTEAM11--AUS01
1946315,CARNELI Ryan,Male,Australia,HOCWTEAM11--BEL01
1946317,LEE Seokhun,Male,Australia,HOCWTEAM11--CHN01
1946582,MACCARANI Emanuela,Female,Italy,HOCWTEAM11--ESP01
1946583,ROVETTA Valentina,Female,Italy,HOCWTEAM11--FRA01
1946585,MANCINELLI Claudia,Female,Italy,HOCWTEAM11--GBR01
1946907,ABDULLAYEV Mammad,Male,Azerbaijan,HOCWTEAM11--GER01
1947221,RADONIC Vesna,Female,Montenegro,HOCWTEAM11--JPN01
1947623,YANITSAS Andrew,Male,Australia,HOCWTEAM11--NED01
1947628,DENIS Eddie,Male,Australia,HOCWTEAM11--RSA01
1947636,RIPPON Bec,Female,Australia,HOCWTEAM11--USA01
1947637,WOODS Taryn,Female,Australia,JUDXTEAM6---AUT01
1947638,HAMILL Tim,Male,Australia,JUDXTEAM6---BRA01
1947758,SULTANOV Yesbol,Male,Tunisia,JUDXTEAM6---CAN01
1947762,HECHMI Jendoubi,Male,Tunisia,JUDXTEAM6---EOR01
1948319,MARTIN CEDRES Ambrosio Jose,Male,Spain,JUDXTEAM6---ESP01
1948320,MONTES AGUERA Cesar Jesus,Male,Spain,JUDXTEAM6---FRA01
1948321,PRADES PONS Jose Ignacio,Male,Spain,JUDXTEAM6---GEO01
1948322,RIBERA ROMANS Jordi,Male,Spain,JUDXTEAM6---GER01
1948429,JAKOVLJEVIC Nenad,Male,Serbia,JUDXTEAM6---HUN01
1948431,KOSTIC Oliver,Male,Serbia,JUDXTEAM6---ISR01
1948432,MARINOVIC Marko,Male,Serbia,JUDXTEAM6---ITA01
1948433,PESIC Svetislav,Male,Serbia,JUDXTEAM6---JPN01
1948434,STOJAKOVIC Ognjen,Male,Serbia,JUDXTEAM6---KAZ01
1948438,SEKULIC Marko,Male,Serbia,JUDXTEAM6---KOR01
1948749,BUTULIJA Dajana,Female,Serbia,JUDXTEAM6---MGL01
1948750,DRLJACA Ljubica,Female,Serbia,JUDXTEAM6---NED01
1948752,MALJKOVIC Marina,Female,Serbia,JUDXTEAM6---SRB01
1948764,PAGE Danielle Nicole,Female,Serbia,JUDXTEAM6---TUR01
1948904,BEATTIE Ciaran,Male,Great Britain,JUDXTEAM6---UZB01
1948911,NOLAN James,Male,Great Britain,ROWMCOXED8--AUS01
1948913,PUGH Richie,Male,Great Britain,ROWMCOXED8--GBR01
1948914,RIDDELL Scott,Male,Great Britain,ROWMCOXED8--GER01
1948915,ROQUES Tony,Male,Great Britain,ROWMCOXED8--ITA01
1948979,JANIC Bojan,Male,Serbia,ROWMCOXED8--NED01
1948980,JEVTIC Ivica,Male,Serbia,ROWMCOXED8--ROU01
1948981,KOLAKOVIC Igor,Male,Serbia,ROWMCOXED8--USA01
1948983,MAJSTOROVIC Neven,Male,Serbia,ROWMNOCOX2--AUS01
1949017,BUTARBUTAR Eva,Female,Indonesia,ROWMNOCOX2--CRO01
1949063,BLAGOJEVIC Jelena,Female,Serbia,ROWMNOCOX2--ESP01
1949064,GUIDETTI Giovanni,Male,Serbia,ROWMNOCOX2--GBR01
1949394,TUDELA PERRET Matias,Male,Spain,ROWMNOCOX2--GER01
1949402,HERNANDEZ JIMENEZ Francisco de Pau.,Male,Spain,ROWMNOCOX2--IRL01
1949458,KOCH Ulla,Female,Belgium,ROWMNOCOX2--ITA01
1949459,van den HEUVEL Michel,Male,Belgium,ROWMNOCOX2--LTU01
1949468,MALDONADO Oscar,Male,Dominican Republic,ROWMNOCOX2--NZL01
1949531,MATEO BATISTA Ruddy,Male,Dominican Republic,ROWMNOCOX2--ROU01
1949864,LAACHRAOUI Mourad,Male,Belgium,ROWMNOCOX2--RSA01
1949874,MEZIANE Rachid,Male,Belgium,ROWMNOCOX2--SUI01
1950176,BARTON Emilee,Female,Australia,ROWMNOCOX2--USA01
1950180,STANNARD James,Male,Australia,ROWMNOCOX4--AUS01
1950182,MANENTI John,Male,Australia,ROWMNOCOX4--FRA01
1950187,WALSH Timothy,Male,Australia,ROWMNOCOX4--GBR01
1950509,BYDWELL Emilie,Female,United States,ROWMNOCOX4--ITA01
1950510,TEST Zack,Male,United States,ROWMNOCOX4--NED01
1950515,FORD Trey,Male,United States,ROWMNOCOX4--NZL01
1950520,FRIDAY Mike,Male,United States,ROWMNOCOX4--ROU01
1950521,GREENING Phil,Male,United States,ROWMNOCOX4--SUI01
1951636,FERREIRA Marcel,Male,Brazil,ROWMNOCOX4--USA01
1951639,KARFUNKELSTEIN Rogerio,Male,Brazil,ROWMSCULL2--CHN01
1952532,SPLITTER Tiago,Male,Brazil,ROWMSCULL2--CRO01
1953168,HAMANO Yukiya,Male,Japan,ROWMSCULL2--ESP01
1953169,HANEDA Kenji,Male,Japan,ROWMSCULL2--FRA01
1953170,OIWA Go,Male,Japan,ROWMSCULL2--GER01
1953555,CUNHA Thiago,Male,Egypt,ROWMSCULL2--IRL01
1953646,ALBINO Cristiano,Male,Brazil,ROWMSCULL2--ITA01
1953647,BISCALCHIN Daniel,Male,Brazil,ROWMSCULL2-LARG01
1953649,PORATH Francisco,Male,Brazil,ROWMSCULL2-LBEL01
1953652,YASHENKO Iryna,Female,Brazil,ROWMSCULL2-LCHI01
1953686,ROSA Bruna,Female,Brazil,ROWMSCULL2-LCZE01
1953687,FEREZIN Camila,Female,Brazil,ROWMSCULL2-LEGY01
1953695,NAVES Marcia,Female,Brazil,ROWMSCULL2-LESP01
1953710,PEREIRA Alexandro,Male,Brazil,ROWMSCULL2-LFRA01
1953713,FIGUEIREDO Tatiana,Female,Brazil,ROWMSCULL2-LGRE01
1954067,FUCHS Tracey,Female,United States,ROWMSCULL2-LIRL01
1954068,PASSMORE David,Male,United States,ROWMSCULL2-LITA01
1954069,TELECHEA Javi,Male,United States,ROWMSCULL2-LJPN01
1954409,MATHEUS Carlos,Male,Brazil,ROWMSCULL2-LMEX01
1954411,DOMINGUES Felipe,Male,Brazil,ROWMSCULL2-LNOR01
1954413,POSSENTI Fernando,Male,Brazil,ROWMSCULL2-LSUI01
1954426,ONHA MARQUES Sergio,Male,Brazil,ROWMSCULL2-LUKR01
1954481,FEW Mark,Male,United States,ROWMSCULL2-LUZB01
1954482,KERR Steve,Male,United States,ROWMSCULL2--NED01
1954483,LUE Tyronn,Male,United States,ROWMSCULL2--NOR01
1954484,SPOELSTRA Erik,Male,United States,ROWMSCULL2--NZL01
1954499,LAWSON Kara,Female,United States,ROWMSCULL2--ROU01
1954500,MILLER Curt,Male,United States,ROWMSCULL2--SRB01
1954501,REEVE Cheryl,Female,United States,ROWMSCULL2--USA01
1954502,TAYLOR Joni,Female,United States,ROWMSCULL4--EST01
1954503,THIBAULT Mike,Male,United States,ROWMSCULL4--GBR01
1954505,WRIGHT Tanisha,Female,United States,ROWMSCULL4--GER01
1954672,KOLINISAU Ratu Osea,Male,Fiji,ROWMSCULL4--ITA01
1955000,ARENHART ALVES Ismael,Male,Brazil,ROWMSCULL4--NED01
1955021,BRODERICK William,Male,Brazil,ROWMSCULL4--NOR01
1955060,FERRER Alexander,Male,Brazil,ROWMSCULL4--POL01
1955820,dos SANTOS Clayton,Male,Brazil,ROWMSCULL4--ROU01
1955822,RIBEIRO Diego,Male,Brazil,ROWMSCULL4--SUI01
1955881,NAMAUA Tikiko,Male,Fiji,ROWWCOXED8--AUS01
1955954,KLAMBURG ROQUE Paula,Female,Australia,ROWWCOXED8--CAN01
1955958,ONO Shoko,Female,Australia,ROWWCOXED8--DEN01
1956101,SOARES Mateus Joao Felgueiras,Male,Timor-Leste,ROWWCOXED8--GBR01
1956202,LUZON Guy,Male,Israel,ROWWCOXED8--ITA01
1956206,CHOEN Haim,Male,Israel,ROWWCOXED8--ROU01
1956383,BUTALA-KOVACIC Petra,Female,Serbia,ROWWCOXED8--USA01
1956384,JOVIC Dragan,Male,Serbia,ROWWNOCOX2--AUS01
1956385,SAVICEVIC Veljko,Male,Serbia,ROWWNOCOX2--CHI01
1956422,BUCHNIK Victor,Male,Israel,ROWWNOCOX2--CZE01
1956472,BILIC Darko,Male,Serbia,ROWWNOCOX2--DEN01
1956473,CIRIC Stefan,Male,Serbia,ROWWNOCOX2--ESP01
1956476,STEVANOVIC Uros,Male,Serbia,ROWWNOCOX2--GBR01
1956655,TAAFFE Robert,Male,Ireland,ROWWNOCOX2--GRE01
1956699,NSILU DILANDU Leroy,Male,Ireland,ROWWNOCOX2--IRL01
1956722,EFTIMOV Aleksandar,Male,North Macedonia,ROWWNOCOX2--LTU01
1957027,ADEL MOSTAFA,Male,Egypt,ROWWNOCOX2--NED01
1957190,FUJIKI Mayuko,Female,Spain,ROWWNOCOX2--NZL01
1957191,JIMENEZ NIETO Cecilia,Female,Spain,ROWWNOCOX2--ROU01
1957192,REQUENA PERICAS Judit,Female,Spain,ROWWNOCOX2--USA01
1957193,VEGA HERRERO Anna,Female,Spain,ROWWNOCOX4--AUS01
1957222,ANDREO GABAN Angel Luis,Male,Spain,ROWWNOCOX4--CHN01
1957223,APARICIO SUNEN Antonio Francisco,Male,Spain,ROWWNOCOX4--DEN01
1957224,IVANOV PIRALKOV Svilen,Male,Spain,ROWWNOCOX4--GBR01
1957225,MARTIN LOZANO David,Male,Spain,ROWWNOCOX4--IRL01
1957226,OCA GAIA Miguel Angel,Male,Spain,ROWWNOCOX4--NED01
1957227,VALLS NART Jordi,Male,Spain,ROWWNOCOX4--NZL01
1957429,KERTESZNE BORKAI Anita,Female,Hungary,ROWWNOCOX4--ROU01
1957645,CAMPODONICO Marco,Male,Italy,ROWWNOCOX4--USA01
1957768,CASELLA Enrico,Male,Italy,ROWWSCULL2--AUS01
1958557,ZHOU Tianke,Female,Lao PDR,ROWWSCULL2--CHN01
1958748,ALLER CARBALLO Manuel Angel,Male,Spain,ROWWSCULL2--CZE01
1958749,CAMPS SAN JOSE Salvador,Male,Spain,ROWWSCULL2--FRA01
1958751,FERNANDEZ TARGARONA Isaac,Male,Spain,ROWWSCULL2--GBR01
1958752,GARCIA GUADARRAMA Victor Jesus,Male,Spain,ROWWSCULL2--IRL01
1958754,GUIL Luis,Male,Spain,ROWWSCULL2--ITA01
1958756,MENDEZ Miguel,Male,Spain,ROWWSCULL2-LARG01
1958758,REY Luis,Male,Spain,ROWWSCULL2-LAUT01
1958760,PRADO BRANAS Joaquin,Male,Spain,ROWWSCULL2-LCAN01
1958761,SANCHEZ CANETE CALVO Angel Luis,Male,Spain,ROWWSCULL2-LCHN01
1958763,SCARIOLO Sergio,Male,Spain,ROWWSCULL2-LFRA01
1958764,URIETA GUTIERREZ Madelen,Female,Spain,ROWWSCULL2-LGBR01
1959349,CAREY Brian,Male,United States,ROWWSCULL2-LGRE01
1959353,LANDI Cecile,Female,United States,ROWWSCULL2-LIRI01
1959368,BRECKENRIDGE Grant,Male,United States,ROWWSCULL2-LIRL01
1959369,SUN Sonia,Female,United States,ROWWSCULL2-LJPN01
1959382,GRABA Jess,Male,United States,ROWWSCULL2-LNZL01
1959384,GAARENSTROOM Jordan,Male,United States,ROWWSCULL2-LPER01
1959395,LANDI Laurent,Male,United States,ROWWSCULL2-LPOL01
1959400,KLIMOUK Natalia,Female,United States,ROWWSCULL2-LROU01
1959405,CAESAR Syque,Male,United States,ROWWSCULL2--LTU01
1959412,MIKULAK Sam,Male,United States,ROWWSCULL2-LTUN01
1959432,LIUKIN Valeri,Male,United States,ROWWSCULL2-LUSA01
1960844,BARRIEAU Jocelyn,Female,Canada,ROWWSCULL2--NED01
1960845,HANRATTY Jack,Male,Canada,ROWWSCULL2--NOR01
1960848,MONAGHAN Iain,Male,Canada,ROWWSCULL2--NZL01
1960860,JOYCE Jenn,Female,Canada,ROWWSCULL2--ROU01
1961375,KONE Thierry,Male,Côte d'Ivoire,ROWWSCULL2--USA01
1961586,VOLAVOLA Timoci,Male,Fiji,ROWWSCULL4--AUS01
1961712,TUIFUA Tevita,Male,Tonga,ROWWSCULL4--CHN01
1961720,OTUMULI Mavae,Male,Tonga,ROWWSCULL4--GBR01
1961741,VAIANGINA Ekitino,Male,Tonga,ROWWSCULL4--GER01
1961751,LIUTAI Malika,Male,Tonga,ROWWSCULL4--NED01
1961912,FULI Saiasi,Male,Fiji,ROWWSCULL4--ROU01
1962265,TOPPING James,Male,Ireland,ROWWSCULL4--SUI01
1962452,TEMPLE-JONES Allan,Male,Ireland,ROWWSCULL4--UKR01
1962481,WONG Ka Wing,Male,"Hong Kong, China",ROWWSCULL4--USA01
1963019,MICALE Rogerio,Male,Egypt,RU7MTEAM7---ARG01
1963171,LERGA Javier,Male,Spain,RU7MTEAM7---AUS01
1963174,SANCHEZ Carlos,Male,Spain,RU7MTEAM7---FIJ01
1963175,TOME Montse,Female,Spain,RU7MTEAM7---FRA01
1963555,BAYER Steven,Male,Belgium,RU7MTEAM7---IRL01
1963556,WHITE Tim,Male,Belgium,RU7MTEAM7---JPN01
1963627,LOPEZ ROMERO Victor Hugo,Male,Japan,RU7MTEAM7---KEN01
1963628,ORTEGA PEREZ Antonio Carlos,Male,Japan,RU7MTEAM7---NZL01
1964423,ROCHA de REZENDE Bernardo,Male,Brazil,RU7MTEAM7---RSA01
1964448,RIBAS Giuliano,Male,Brazil,RU7MTEAM7---SAM01
1964453,LAGES GUIMARAES Jose Roberto,Male,Brazil,RU7MTEAM7---URU01
1964473,DO REGO BARROS JUNIOR Paulo,Male,Brazil,RU7MTEAM7---USA01
1964481,LEONALDO Roberley Luiz,Male,Brazil,RU7WTEAM7---AUS01
1964485,TABACH Ricardo,Male,Brazil,RU7WTEAM7---BRA01
1964492,COPPINI FERNANDES Wagner Luiz,Male,Brazil,RU7WTEAM7---CAN01
1965161,KEET Marcelle,Female,South Africa,RU7WTEAM7---CHN01
1965168,BONNET Giles,Male,South Africa,RU7WTEAM7---FIJ01
1965644,GIL Carlos,Male,Panama,RU7WTEAM7---FRA01
1967242,LAWRENCE Natalie,Female,New Zealand,RU7WTEAM7---GBR01
1967254,HERST Jen,Female,Canada,RU7WTEAM7---IRL01
1967256,MANDER Jasmine,Female,Canada,RU7WTEAM7---JPN01
1967258,PRIESTMAN Bev,Female,Canada,RU7WTEAM7---NZL01
1967262,SPENCE Andy,Male,Canada,RU7WTEAM7---RSA01
1967313,PARK Jae,Male,Canada,RU7WTEAM7---USA01
1967315,THORNTON Daniel,Male,Canada,SALM49ER----AUS01
1967332,LIMA Brian,Male,Samoa,SALM49ER----AUT01
1967468,PARADELO David,Male,Canada,SALM49ER----BEL01
1967471,POSTERIVO Stefano,Male,Canada,SALM49ER----BRA01
1967472,CAMPBELL Cora,Female,Canada,SALM49ER----CAN01
1967642,IGLESIAS Rodrigo,Male,Brazil,SALM49ER----CHN01
1967672,ALCANTARA Edson,Male,Brazil,SALM49ER----CRO01
1967683,ELIAS Arthur,Male,Brazil,SALM49ER----DEN01
1968210,LALOMILO Faamaoni,Male,Samoa,SALM49ER----ESP01
1968247,CIRKOVIC Vedran,Male,Australia,SALM49ER----FRA01
1968453,CHERNETSKA Nataliya,Female,Greece,SALM49ER----GBR01
1968484,KAMMENOU Alexia Anna,Female,Greece,SALM49ER----GER01
1968489,LEMPESIS Xenofon,Male,Greece,SALM49ER----HKG01
1968491,PYRPYRIS Anastasios,Male,Greece,SALM49ER----IRL01
1968492,SCHIZAS Anastasios,Male,Greece,SALM49ER----NED01
1968495,VLACHOS Theodoros,Male,Greece,SALM49ER----NZL01
1968531,KANTZOURIS Ilias,Male,Greece,SALM49ER----POL01
1968540,SPANOULIS Vasilis,Male,Greece,SALM49ER----SUI01
1968567,RAFTIS Dimitrios,Male,Greece,SALM49ER----URU01
1968759,JENNINGS Stephen,Male,EOR,SALM49ER----USA01
1968802,FJELLSTROM Jens,Male,Australia,SALW49ERFX--AUS01
1968822,ANDREATTA Mel,Female,Australia,SALW49ERFX--BEL01
1968838,GUSTAVSSON Tony,Male,Australia,SALW49ERFX--BRA01
1968868,van ECK Richard,Male,Netherlands,SALW49ERFX--CAN01
1968871,DOUDESIS Eva,Male,Netherlands,SALW49ERFX--CHN01
1968964,MOGHANLOU Bijan,Male,Egypt,SALW49ERFX--CZE01
1969275,SICOT David Patrick,Male,Lebanon,SALW49ERFX--DEN01
1969357,SEKTIOUI Tarik,Male,Morocco,SALW49ERFX--ESP01
1969386,HADJI Youssouf,Male,Morocco,SALW49ERFX--FIN01
1969466,BADAWI Ghanem,Male,Syria,SALW49ERFX--FRA01
1970225,van der VEEN Jose,Female,Netherlands,SALW49ERFX--GBR01
1970227,WEVERS Vincent,Male,Netherlands,SALW49ERFX--GER01
1970228,den UIJL Kevin,Male,Netherlands,SALW49ERFX--ITA01
1970229,JACOBS Jeroen,Male,Netherlands,SALW49ERFX--JPN01
1970235,KLEUSKENS Marcel,Male,Netherlands,SALW49ERFX--NED01
1970236,KNIBBELER Daniel,Male,Netherlands,SALW49ERFX--NOR01
1970237,van MELDERT Dirk Jan,Male,Netherlands,SALW49ERFX--NZL01
1970317,CLARIJS Ricardo,Male,Netherlands,SALW49ERFX--POL01
1970322,JOHANSSON Per,Male,Netherlands,SALW49ERFX--SWE01
1970733,GOUTSEVA Anastasia,Female,Greece,SALW49ERFX--USA01
1970859,SOKOLOVA Natalia,Female,Cyprus,SALX470-----ANG01
1970880,OGEYINGBO Ayodeji,Male,Nigeria,SALX470-----AUS01
1970974,DERAEDT Laurent,Male,Morocco,SALX470-----AUT01
1971523,LESZNER Joe,Male,Canada,SALX470-----BRA01
1972037,TICHELMAN Thomas,Male,Netherlands,SALX470-----CHN01
1972052,van ASS Paul,Male,Netherlands,SALX470-----ESP01
1972055,DELMEE Jeroen,Male,Netherlands,SALX470-----FRA01
1972056,VERBOOM Eric,Male,Netherlands,SALX470-----GBR01
1972359,ALIYEVA Kamilla,Female,Azerbaijan,SALX470-----GER01
1972419,VILYAYEVA Yevgeniya,Female,Azerbaijan,SALX470-----GRE01
1972423,VASILEVA Siyana,Female,Azerbaijan,SALX470-----ISR01
1972426,GULIYEV Kamil,Male,Azerbaijan,SALX470-----ITA01
1972427,KARIMLI Akif,Male,Azerbaijan,SALX470-----JPN01
1972461,JAUMA CAYUELA Esther,Female,Netherlands,SALX470-----POR01
1972652,GIE Cheslyn,Male,South Africa,SALX470-----SLO01
1972655,NTULI Siphesihle,Male,South Africa,SALX470-----SUI01
1972933,GOMEZ Ibai,Male,Dominican Republic,SALX470-----SWE01
1972934,RAMOS SANCHEZ Antonio,Male,Côte d'Ivoire,SALX470-----TUR01
1972992,AMOREBIETA Fernando,Male,Dominican Republic,SALX470-----USA01
1973058,BRITEZ Cristhian,Male,Dominican Republic,SALXNACRA17-ARG01
1973138,BALAN Adrian,Male,Canada,SALXNACRA17-AUS01
1973147,COWAN Lisa,Female,Canada,SALXNACRA17-AUT01
1973162,KIKUCHI David,Male,Canada,SALXNACRA17-BEL01
1973180,van HOOF Ed,Male,Canada,SALXNACRA17-BRA01
1973374,FALSETTA Ross,Male,Great Britain,SALXNACRA17-CHN01
1973377,DENG Ajou,Male,South Sudan,SALXNACRA17-DEN01
1973378,WIGNALL Rachel,Female,Great Britain,SALXNACRA17-ESP01
1973524,MEIJER Eric,Male,Netherlands,SALXNACRA17-FIN01
1973525,KOSLOWSKI Felix,Male,Netherlands,SALXNACRA17-FRA01
1973532,FERRER CUTINO Gil,Male,Netherlands,SALXNACRA17-GBR01
1973576,IVEY Royal,Male,South Sudan,SALXNACRA17-GER01
1973651,KOUDI Mandela,Male,South Sudan,SALXNACRA17-ITA01
1973693,CHIEJINE Ann,Female,Nigeria,SALXNACRA17-JPN01
1974021,KULESZA Kasia,Female,Canada,SALXNACRA17-NED01
1974022,MORGAN Kerri,Female,Canada,SALXNACRA17-NZL01
1974025,VOLOSHYNA Anna,Female,Canada,SALXNACRA17-SWE01
1974026,YAKHNO Yelyzaveta,Female,Canada,SALXNACRA17-TUR01
1974386,SAWADOGO Rasmane,Male,Burkina Faso,SALXNACRA17-USA01
1974755,BAUR Steve,Male,Canada,SHOXAPMT----BUL01
1974756,BJORKGREN Nate,Male,Canada,SHOXAPMT----CHN01
1974757,CLARKE Carly,Female,Canada,SHOXAPMT----CHN02
1974760,FERNANDEZ Jordi,Male,Canada,SHOXAPMT----FRA01
1974766,LAPENA Victor,Male,Canada,SHOXAPMT----GER01
1974769,MITCHELL Nathaniel,Male,Canada,SHOXAPMT----GER02
1974771,N'DONG Boniface,Male,Canada,SHOXAPMT----IND01
1974772,PAGE Murriel,Female,Canada,SHOXAPMT----IND02
1974773,QUINN Noelle,Female,Canada,SHOXAPMT----KAZ01
1975398,DENG Luol,Male,South Sudan,SHOXAPMT----KOR01
1975920,CASTANEDA Allen Aldrin,Male,Philippines,SHOXAPMT----KOR02
1975923,HRYBANOV Andrii,Male,Israel,SHOXAPMT----LAT01
1975934,GRIFFETH Garrett Stephen,Male,Philippines,SHOXAPMT----PAK01
1977071,ABAD EXPOSITO Iker Miquel,Male,Ireland,SHOXAPMT----SRB01
1977388,WALDRUM Randy,Male,Nigeria,SHOXAPMT----TUR01
1977689,DIAWARA Kaba,Male,Guinea,SHOXAPMT----TUR02
1978161,CAPELLI Claudio,Male,Switzerland,SHOXAPMT----UKR01
1978215,GUELZEC Laurent,Male,Switzerland,SHOXARMT----ALG01
1978259,KISTLER Frank,Male,Switzerland,SHOXARMT----ARG01
1978688,MUNOZ BENITEZ Fernando,Male,Egypt,SHOXARMT----AUT01
1980774,KIM Myong Hwa,Female,DPR Korea,SHOXARMT----CHN01
1980904,TRAJKOVIC Ivan Konrad,Male,Slovenia,SHOXARMT----CHN02
1980943,PAVLIC Aljaz,Male,Slovenia,SHOXARMT----CZE01
1980962,MIJATOVIC Branka,Female,Slovenia,SHOXARMT----EGY01
1980979,ADZIC Dragan,Male,Slovenia,SHOXARMT----EGY02
1980981,DROZHANOVA Elena,Female,Slovenia,SHOXARMT----FRA01
1980987,CRETU Gheorghe,Male,Slovenia,SHOXARMT----FRA02
1980990,DIVKOVIC Goran,Male,Slovenia,SHOXARMT----GBR01
1981325,ZVIZEJ Luka,Male,Slovenia,SHOXARMT----GER01
1981356,de CECCO Matteo,Male,Slovenia,SHOXARMT----HUN01
1981649,RETELJ Natasa,Female,Slovenia,SHOXARMT----IND01
1981689,ZORMAN Uros,Male,Slovenia,SHOXARMT----IND02
1981697,KEDACIC Zoran,Male,Slovenia,SHOXARMT----ITA01
1986732,MUGANGUZI Wani,Male,Nigeria,SHOXARMT----JPN01
2041085,FITZGERALD David,Male,Ireland,SHOXARMT----KAZ01
2476695,BAM Jenna,Female,South Africa,SHOXARMT----KAZ02
3057892,FALAHATGAR ETMINANI Davoud,Male,Bulgaria,SHOXARMT----KOR01
3430822,PETROVIC Aleksandar,Male,Brazil,SHOXARMT----KOR02
3496078,GORIATCHKINE Ivan,Male,Philippines,SHOXARMT----MEX01
3520243,BASILE Leonardo,Male,EOR,SHOXARMT----MGL01
3528052,VICTOR John,Male,Nigeria,SHOXARMT----NOR01
3538853,DONNELLY Peter,Male,Ireland,SHOXARMT----NOR02
3539442,CARSON Luke,Male,Ireland,SHOXARMT----POL01
3544158,GORBACHEV Stepan,Male,Ukraine,SHOXARMT----POL02
3545804,MARAJAN Sabit,Male,South Sudan,SHOXARMT----USA01
3546458,DIAWARA Fousseni,Male,Guinea,SHOXARMT----USA02
3546645,CAUKAUNIVALU Setefano,Male,Fiji,SHOXSKMT----AUS01
3561918,GRANDES Pablo,Male,Iraq,SHOXSKMT----CHN01
4043244,FONG Lerissa,Female,Samoa,SHOXSKMT----CZE01
4043245,POMARE Sapani,Male,Samoa,SHOXSKMT----EGY01
4043246,FAALUPEGA Avii,Female,Samoa,SHOXSKMT----FRA01
4044836,DAVID EP CHIRILCENCO Georgeta,Female,Algeria,SHOXSKMT----GER01
4119109,ELZEFTAWEY Tarek,Male,Egypt,SHOXSKMT----GRE01
4645809,GAARENSTROOM Jordan Jon,Male,Syria,SHOXSKMT----IND01
4646497,PROST KOSIR Primoz,Male,Slovenia,SHOXSKMT----ITA01
4649776,TRAORE Alioune,Male,Mali,SHOXSKMT----ITA02
4653058,COCCIA Kristina,Female,Haiti,SHOXSKMT----KAZ01
4653997,KAMKASOUMPHOU Ekvara,Male,Mali,SHOXSKMT----KOR01
4658462,KHAJAVI Naeima,Male,Egypt,SHOXSKMT----PER01
4847471,LAWSON Franck,Male,Burkina Faso,SHOXSKMT----SWE01
4968759,Mc DONALD Janelle Leigh,Female,Philippines,SHOXSKMT----USA01
4968917,QUESNEL Yannick,Male,Guinea,SHOXSKMT----USA02
4976780,TANSKANEN Juha Petteri,Male,Syria,SWAWTEAM2---AUS01
5016082,CHOUBA Jaouad,Female,Guinea-Bissau,SWAWTEAM2---AUT01
9230002,HERDEIRO Alvaro Francisco,Male,Brazil,SWAWTEAM2---CAN01
9230003,MAROJA Gabriel Augusto,Male,Brazil,SWAWTEAM2---CHN01
9230006,ALONSO BERNARDO Jessica,Female,Spain,SWAWTEAM2---EGY01
9230010,LARSSON Thomas Erik Daniel,Male,Netherlands,SWAWTEAM2---ESP01
9230012,CAROU Gonzalo,Male,Argentina,SWAWTEAM2---FRA01
9230013,CAZON Guillermo,Male,Argentina,SWAWTEAM2---GBR01
9230017,CAAMANO Juan,Male,Spain,SWAWTEAM2---GRE01
9230018,TORRESCUSA Ignacio,Male,Spain,SWAWTEAM2---ISR01
9230020,GJERDE Joar,Male,Norway,SWAWTEAM2---ITA01
9390001,BONDAR Vladyslav,Male,Burkina Faso,SWAWTEAM2---JPN01
9430008,CICHELLO Juan Manuel,Male,Italy,SWAWTEAM2---KOR01
9450042,VASSILIADES Emmanuel,Male,Greece,SWAWTEAM2---MEX01
,,,,SWAWTEAM2---NED01
,,,,SWAWTEAM2---NZL01
,,,,SWAWTEAM2---UKR01
,,,,SWAWTEAM2---USA01
,,,,SWAWTEAM8---AUS01
,,,,SWAWTEAM8---CAN01
,,,,SWAWTEAM8---CHN01
,,,,SWAWTEAM8---EGY01
,,,,SWAWTEAM8---ESP01
,,,,SWAWTEAM8---FRA01
,,,,SWAWTEAM8---ITA01
,,,,SWAWTEAM8---JPN01
,,,,SWAWTEAM8---MEX01
,,,,SWAWTEAM8---USA01
,,,,SWMM4X100MFRAUS01
,,,,SWMM4X100MFRBRA01
,,,,SWMM4X100MFRCAN01
,,,,SWMM4X100MFRCHN01
,,,,SWMM4X100MFRESP01
,,,,SWMM4X100MFRFRA01
,,,,SWMM4X100MFRGBR01
,,,,SWMM4X100MFRGER01
,,,,SWMM4X100MFRGRE01
,,,,SWMM4X100MFRHUN01
,,,,SWMM4X100MFRISR01
,,,,SWMM4X100MFRITA01
,,,,SWMM4X100MFRPOL01
,,,,SWMM4X100MFRSRB01
,,,,SWMM4X100MFRSWE01
,,,,SWMM4X100MFRUSA01
,,,,SWMM4X100MMDAUS01
,,,,SWMM4X100MMDAUT01
,,,,SWMM4X100MMDCAN01
,,,,SWMM4X100MMDCHN01
,,,,SWMM4X100MMDESP01
,,,,SWMM4X100MMDFRA01
,,,,SWMM4X100MMDGBR01
,,,,SWMM4X100MMDGER01
,,,,SWMM4X100MMDIRL01
,,,,SWMM4X100MMDITA01
,,,,SWMM4X100MMDJPN01
,,,,SWMM4X100MMDKOR01
,,,,SWMM4X100MMDNED01
,,,,SWMM4X100MMDPOL01
,,,,SWMM4X100MMDSUI01
,,,,SWMM4X100MMDUSA01
,,,,SWMM4X200MFRAUS01
,,,,SWMM4X200MFRBRA01
,,,,SWMM4X200MFRCAN01
,,,,SWMM4X200MFRCHN01
,,,,SWMM4X200MFRESP01
,,,,SWMM4X200MFRFRA01
,,,,SWMM4X200MFRGBR01
,,,,SWMM4X200MFRGER01
,,,,SWMM4X200MFRGRE01
,,,,SWMM4X200MFRISR01
,,,,SWMM4X200MFRITA01
,,,,SWMM4X200MFRJPN01
,,,,SWMM4X200MFRKOR01
,,,,SWMM4X200MFRLTU01
,,,,SWMM4X200MFRSUI01
,,,,SWMM4X200MFRUSA01
,,,,SWMW4X100MFRAUS01
,,,,SWMW4X100MFRBRA01
,,,,SWMW4X100MFRCAN01
,,,,SWMW4X100MFRCHN01
,,,,SWMW4X100MFRDEN01
,,,,SWMW4X100MFRFRA01
,,,,SWMW4X100MFRGBR01
,,,,SWMW4X100MFRHKG01
,,,,SWMW4X100MFRHUN01
,,,,SWMW4X100MFRIRL01
,,,,SWMW4X100MFRITA01
,,,,SWMW4X100MFRNED01
,,,,SWMW4X100MFRPOL01
,,,,SWMW4X100MFRSLO01
,,,,SWMW4X100MFRSWE01
,,,,SWMW4X100MFRUSA01
,,,,SWMW4X100MMDAUS01
,,,,SWMW4X100MMDCAN01
,,,,SWMW4X100MMDCHN01
,,,,SWMW4X100MMDDEN01
,,,,SWMW4X100MMDFRA01
,,,,SWMW4X100MMDGBR01
,,,,SWMW4X100MMDGER01
,,,,SWMW4X100MMDHKG01
,,,,SWMW4X100MMDIRL01
,,,,SWMW4X100MMDITA01
,,,,SWMW4X100MMDJPN01
,,,,SWMW4X100MMDNED01
,,,,SWMW4X100MMDPOL01
,,,,SWMW4X100MMDSGP01
,,,,SWMW4X100MMDSWE01
,,,,SWMW4X100MMDUSA01
,,,,SWMW4X200MFRAUS01
,,,,SWMW4X200MFRBRA01
,,,,SWMW4X200MFRCAN01
,,,,SWMW4X200MFRCHN01
,,,,SWMW4X200MFRESP01
,,,,SWMW4X200MFRFRA01
,,,,SWMW4X200MFRGBR01
,,,,SWMW4X200MFRGER01
,,,,SWMW4X200MFRHUN01
,,,,SWMW4X200MFRISR01
,,,,SWMW4X200MFRITA01
,,,,SWMW4X200MFRJPN01
,,,,SWMW4X200MFRNED01
,,,,SWMW4X200MFRNZL01
,,,,SWMW4X200MFRTUR01
,,,,SWMW4X200MFRUSA01
,,,,SWMX4X100MMDAUS01
,,,,SWMX4X100MMDBRA01
,,,,SWMX4X100MMDCAN01
,,,,SWMX4X100MMDCHN01
,,,,SWMX4X100MMDFRA01
,,,,SWMX4X100MMDGBR01
,,,,SWMX4X100MMDGER01
,,,,SWMX4X100MMDGRE01
,,,,SWMX4X100MMDISR01
,,,,SWMX4X100MMDITA01
,,,,SWMX4X100MMDJPN01
,,,,SWMX4X100MMDKOR01
,,,,SWMX4X100MMDNED01
,,,,SWMX4X100MMDPOL01
,,,,SWMX4X100MMDSWE01
,,,,SWMX4X100MMDUSA01
,,,,T000180168080
,,,,T002027129113
,,,,T005088118027
,,,,T005092223144
,,,,T005105061005
,,,,T005106100046
,,,,T006235228185
,,,,T007165029113
,,,,T009051173051
,,,,T009172220247
,,,,T010112120160
,,,,T010239039210
,,,,T011230232205
,,,,T012092132149
,,,,T012123222150
,,,,T013046016056
,,,,T015155079200
,,,,T015237038062
,,,,T017210105197
,,,,T018050143120
,,,,T018078205011
,,,,T021139183156
,,,,T021182047086
,,,,T021189149154
,,,,T026007161153
,,,,T027065149125
,,,,T027137076094
,,,,T028003209106
,,,,T029092105234
,,,,T031089020226
,,,,T031187113126
,,,,T032180102004
,,,,T032230089255
,,,,T032254243215
,,,,T033016104132
,,,,T034172017177
,,,,T036058255160
,,,,T036184251139
,,,,T037217050165
,,,,T038182198132
,,,,T040023042051
,,,,T040026171031
,,,,T040052215176
,,,,T040141230067
,,,,T041030033135
,,,,T043219044070
,,,,T044178085196
,,,,T047173034031
,,,,T048127108097
,,,,T048252009004
,,,,T049177232236
,,,,T050018234251
,,,,T050113048223
,,,,T051001088214
,,,,T051044143211
,,,,T051068010116
,,,,T052000234216
,,,,T052132148157
,,,,T053127170146
,,,,T054085034000
,,,,T054095068175
,,,,T055237149192
,,,,T056152082134
,,,,T056184065059
,,,,T056243084219
,,,,T057153235207
,,,,T059049008124
,,,,T061066235178
,,,,T061189189233
,,,,T061199228210
,,,,T062099173126
,,,,T063034253052
,,,,T069195059111
,,,,T070176182065
,,,,T070224246047
,,,,T072239007015
,,,,T073161009048
,,,,T073212219121
,,,,T074215096235
,,,,T075047206000
,,,,T075068011152
,,,,T076077236018
,,,,T077028246213
,,,,T077146100097
,,,,T079248110012
,,,,T080064149056
,,,,T080216244244
,,,,T082101210032
,,,,T083202023196
,,,,T083223008017
,,,,T083238094200
,,,,T084165231039
,,,,T085109095203
,,,,T085178047216
,,,,T086166153118
,,,,T086254156090
,,,,T087049051255
,,,,T087095040064
,,,,T088121127206
,,,,T091046074070
,,,,T091074019200
,,,,T091147023065
,,,,T093018155227
,,,,T094207118201
,,,,T094231202250
,,,,T095071193182
,,,,T096245183145
,,,,T097024201207
,,,,T097190080234
,,,,T097198068021
,,,,T099012198163
,,,,T101139061230
,,,,T103009064164
,,,,T103220134006
,,,,T103223108185
,,,,T104147084217
,,,,T105004201136
,,,,T107073074055
,,,,T107081146202
,,,,T107144046005
,,,,T108070151074
,,,,T108160233061
,,,,T108161120062
,,,,T109237041237
,,,,T110180116243
,,,,T112130234068
,,,,T112173189178
,,,,T114143077091
,,,,T117044066011
,,,,T117235076051
,,,,T119034156000
,,,,T120121050150
,,,,T121068205168
,,,,T123093085163
,,,,T124043035021
,,,,T126209096140
,,,,T127073218087
,,,,T127075108220
,,,,T127127130200
,,,,T128043238071
,,,,T129222111254
,,,,T132114009227
,,,,T133048054128
,,,,T134130092240
,,,,T134149068080
,,,,T135067238066
,,,,T135144033254
,,,,T136207100235
,,,,T136232070138
,,,,T137153163006
,,,,T138230063185
,,,,T139082206031
,,,,T140007067165
,,,,T140176027011
,,,,T141135060156
,,,,T143157012191
,,,,T144159001066
,,,,T144224053168
,,,,T144247061115
,,,,T145195042022
,,,,T146196227215
,,,,T146250208081
,,,,T147031123022
,,,,T147237182130
,,,,T150192020010
,,,,T150208041031
,,,,T151104038079
,,,,T151165203059
,,,,T151248169221
,,,,T152007104101
,,,,T152072158000
,,,,T153072139060
,,,,T154252007135
,,,,T155251247033
,,,,T156038232203
,,,,T156096141213
,,,,T157141039174
,,,,T159071241179
,,,,T159085242241
,,,,T159093137068
,,,,T159170064046
,,,,T160155181193
,,,,T160254050136
,,,,T161191071133
,,,,T162219254220
,,,,T163062069251
,,,,T163072084245
,,,,T163127098077
,,,,T164107208177
,,,,T164131189204
,,,,T164201023192
,,,,T164227030087
,,,,T165150246048
,,,,T165219065158
,,,,T165230053108
,,,,T165255017046
,,,,T170011107055
,,,,T170120112068
,,,,T170150126026
,,,,T172050237073
,,,,T173034009013
,,,,T175179048136
,,,,T176081239160
,,,,T176093139168
,,,,T176106184236
,,,,T176208225219
,,,,T176255250242
,,,,T177095146045
,,,,T177099104150
,,,,T177131070058
,,,,T177162067254
,,,,T177215118232
,,,,T178131014059
,,,,T179016191120
,,,,T179170112181
,,,,T180005075132
,,,,T180082238036
,,,,T181050155106
,,,,T182013107120
,,,,T182159012196
,,,,T183042211129
,,,,T183209174099
,,,,T184186134220
,,,,T185128006082
,,,,T185180078216
,,,,T186035252019
,,,,T186102254129
,,,,T186119241049
,,,,T187154083112
,,,,T188255247159
,,,,T189119064069
,,,,T190092002110
,,,,T190186209138
,,,,T191201107174
,,,,T193026024173
,,,,T196095020070
,,,,T196196115151
,,,,T197028067226
,,,,T197064043186
,,,,T197121211099
,,,,T197192199178
,,,,T200208094172
,,,,T204026223054
,,,,T204027239107
,,,,T204216145015
,,,,T207042251035
,,,,T210060000005
,,,,T210070222027
,,,,T211255218208
,,,,T212055046088
,,,,T215142183070
,,,,T216012230223
,,,,T216014106137
,,,,T216092071169
,,,,T217136143024
,,,,T217151129191
,,,,T217177120018
,,,,T218022032195
,,,,T218038013073
,,,,T218120199207
,,,,T218141014095
,,,,T220064210078
,,,,T221144098126
,,,,T221255160105
,,,,T222244021165
,,,,T223096066167
,,,,T224085015032
,,,,T225095247005
,,,,T226131186151
,,,,T226159240093
,,,,T226192081090
,,,,T227166195031
,,,,T227227075171
,,,,T228006119010
,,,,T228010157078
,,,,T228211081171
,,,,T229196244224
,,,,T231142178065
,,,,T231254107028
,,,,T232052083063
,,,,T234067164063
,,,,T235250241164
,,,,T236149232187
,,,,T237004209070
,,,,T239108182176
,,,,T239136002118
,,,,T240145002027
,,,,T240229054098
,,,,T241054177157
,,,,T241090199113
,,,,T241211162236
,,,,T241222252249
,,,,T242000170096
,,,,T242075099067
,,,,T242254057065
,,,,T243053252043
,,,,T243153023105
,,,,T243187227111
,,,,T244008189081
,,,,T244157063110
,,,,T245049147179
,,,,T245225170159
,,,,T245241122029
,,,,T246010078220
,,,,T246128120147
,,,,T246191162159
,,,,T246209147071
,,,,T246234046059
,,,,T247150124139
,,,,T249015074213
,,,,T249049140097
,,,,T249066122070
,,,,T251084043155
,,,,T251234141132
,,,,T251237025181
,,,,T253093211118
,,,,T254025182131
,,,,T254078068205
,,,,T255047189153
,,,,T80212896
,,,,T80214279
,,,,T80214289
,,,,T80214643
,,,,T80229963
,,,,T80296594
,,,,T80297652
,,,,T80297690
,,,,T80381188
,,,,T80394592
,,,,T80394594
,,,,T80398204
,,,,T80517879
,,,,T80589681
,,,,T81855168
,,,,T82808046
,,,,T82808159
,,,,T82810068
,,,,T83931365
,,,,T88414807
,,,,T91040376
,,,,T91047112
,,,,T91048122
,,,,T91048123
,,,,T91048124
,,,,T92656676
,,,,T92835504
,,,,T92851915
,,,,T92886354
,,,,T94166163
,,,,T94172565
,,,,T96104270
,,,,T96112474
,,,,T96113713
,,,,T97087390
,,,,T97199356
,,,,T97446556
,,,,TENMDOUBLES-AIN01
,,,,TENMDOUBLES-ARG01
,,,,TENMDOUBLES-ARG02
,,,,TENMDOUBLES-AUS01
,,,,TENMDOUBLES-AUS02
,,,,TENMDOUBLES-BEL01
,,,,TENMDOUBLES-BRA01
,,,,TENMDOUBLES-CAN01
,,,,TENMDOUBLES-CHI01
,,,,TENMDOUBLES-CRO01
,,,,TENMDOUBLES-CZE01
,,,,TENMDOUBLES-ESP01
,,,,TENMDOUBLES-ESP02
,,,,TENMDOUBLES-FRA01
,,,,TENMDOUBLES-FRA02
,,,,TENMDOUBLES-GBR01
,,,,TENMDOUBLES-GBR02
,,,,TENMDOUBLES-GER01
,,,,TENMDOUBLES-GER02
,,,,TENMDOUBLES-GRE01
,,,,TENMDOUBLES-HUN01
,,,,TENMDOUBLES-IND01
,,,,TENMDOUBLES-ITA01
,,,,TENMDOUBLES-ITA02
,,,,TENMDOUBLES-JPN01
,,,,TENMDOUBLES-KAZ01
,,,,TENMDOUBLES-LBN01
,,,,TENMDOUBLES-NED01
,,,,TENMDOUBLES-NED02
,,,,TENMDOUBLES-POL01
,,,,TENMDOUBLES-POR01
,,,,TENMDOUBLES-USA01
,,,,TENMDOUBLES-USA02
,,,,TENWDOUBLES-AIN01
,,,,TENWDOUBLES-AIN02
,,,,TENWDOUBLES-ARG01
,,,,TENWDOUBLES-AUS01
,,,,TENWDOUBLES-AUS02
,,,,TENWDOUBLES-BRA01
,,,,TENWDOUBLES-CAN01
,,,,TENWDOUBLES-CHN01
,,,,TENWDOUBLES-CHN02
,,,,TENWDOUBLES-CZE01
,,,,TENWDOUBLES-CZE02
,,,,TENWDOUBLES-ESP01
,,,,TENWDOUBLES-FRA01
,,,,TENWDOUBLES-FRA02
,,,,TENWDOUBLES-GBR01
,,,,TENWDOUBLES-GER01
,,,,TENWDOUBLES-GER02
,,,,TENWDOUBLES-GRE01
,,,,TENWDOUBLES-ITA01
,,,,TENWDOUBLES-ITA02
,,,,TENWDOUBLES-JPN01
,,,,TENWDOUBLES-NED01
,,,,TENWDOUBLES-NZL01
,,,,TENWDOUBLES-POL01
,,,,TENWDOUBLES-ROU01
,,,,TENWDOUBLES-ROU02
,,,,TENWDOUBLES-TPE01
,,,,TENWDOUBLES-TPE02
,,,,TENWDOUBLES-UKR01
,,,,TENWDOUBLES-UKR02
,,,,TENWDOUBLES-USA01
,,,,TENWDOUBLES-USA02
,,,,TENXDOUBLES-AIN01
,,,,TENXDOUBLES-ARG01
,,,,TENXDOUBLES-AUS01
,,,,TENXDOUBLES-BRA01
,,,,TENXDOUBLES-CAN01
,,,,TENXDOUBLES-CHN01
,,,,TENXDOUBLES-CRO01
,,,,TENXDOUBLES-CZE01
,,,,TENXDOUBLES-DEN01
,,,,TENXDOUBLES-ESP01
,,,,TENXDOUBLES-FRA01
,,,,TENXDOUBLES-GBR01
,,,,TENXDOUBLES-GER01
,,,,TENXDOUBLES-GRE01
,,,,TENXDOUBLES-ITA01
,,,,TENXDOUBLES-JPN01
,,,,TENXDOUBLES-NED01
,,,,TENXDOUBLES-SUI01
,,,,TENXDOUBLES-USA01
,,,,TRIXTEAM4---AUS01
,,,,TRIXTEAM4---AUT01
,,,,TRIXTEAM4---BEL01
,,,,TRIXTEAM4---BRA01
,,,,TRIXTEAM4---ESP01
,,,,TRIXTEAM4---FRA01
,,,,TRIXTEAM4---GBR01
,,,,TRIXTEAM4---GER01
,,,,TRIXTEAM4---ITA01
,,,,TRIXTEAM4---MEX01
,,,,TRIXTEAM4---NED01
,,,,TRIXTEAM4---NOR01
,,,,TRIXTEAM4---NZL01
,,,,TRIXTEAM4---POR01
,,,,TRIXTEAM4---SUI01
,,,,TRIXTEAM4---USA01
,,,,TTEMTEAM----AUS01
,,,,TTEMTEAM----BRA01
,,,,TTEMTEAM----CAN01
,,,,TTEMTEAM----CHN01
,,,,TTEMTEAM----CRO01
,,,,TTEMTEAM----DEN01
,,,,TTEMTEAM----EGY01
,,,,TTEMTEAM----FRA01
,,,,TTEMTEAM----GER01
,,,,TTEMTEAM----IND01
,,,,TTEMTEAM----JPN01
,,,,TTEMTEAM----KOR01
,,,,TTEMTEAM----POR01
,,,,TTEMTEAM----SLO01
,,,,TTEMTEAM----SWE01
,,,,TTEMTEAM----TPE01
,,,,TTEWTEAM----AUS01
,,,,TTEWTEAM----BRA01
,,,,TTEWTEAM----CHN01
,,,,TTEWTEAM----EGY01
,,,,TTEWTEAM----FRA01
,,,,TTEWTEAM----GER01
,,,,TTEWTEAM----HKG01
,,,,TTEWTEAM----IND01
,,,,TTEWTEAM----JPN01
,,,,TTEWTEAM----KOR01
,,,,TTEWTEAM----POL01
,,,,TTEWTEAM----ROU01
,,,,TTEWTEAM----SWE01
,,,,TTEWTEAM----THA01
,,,,TTEWTEAM----TPE01
,,,,TTEWTEAM----USA01
,,,,TTEXDOUBLES-AUS01
,,,,TTEXDOUBLES-BRA01
,,,,TTEXDOUBLES-CHN01
,,,,TTEXDOUBLES-CUB01
,,,,TTEXDOUBLES-EGY01
,,,,TTEXDOUBLES-ESP01
,,,,TTEXDOUBLES-FRA01
,,,,TTEXDOUBLES-GER01
,,,,TTEXDOUBLES-HKG01
,,,,TTEXDOUBLES-HUN01
,,,,TTEXDOUBLES-JPN01
,,,,TTEXDOUBLES-KOR01
,,,,TTEXDOUBLES-PRK01
,,,,TTEXDOUBLES-ROU01
,,,,TTEXDOUBLES-SWE01
,,,,TTEXDOUBLES-TPE01
,,,,VBVMTEAM2---AUS01
,,,,VBVMTEAM2---AUS02
,,,,VBVMTEAM2---AUT01
,,,,VBVMTEAM2---BRA01
,,,,VBVMTEAM2---BRA02
,,,,VBVMTEAM2---CAN01
,,,,VBVMTEAM2---CHI01
,,,,VBVMTEAM2---CUB01
,,,,VBVMTEAM2---CZE01
,,,,VBVMTEAM2---ESP01
,,,,VBVMTEAM2---FRA01
,,,,VBVMTEAM2---FRA02
,,,,VBVMTEAM2---GER01
,,,,VBVMTEAM2---ITA01
,,,,VBVMTEAM2---ITA02
,,,,VBVMTEAM2---MAR01
,,,,VBVMTEAM2---NED01
,,,,VBVMTEAM2---NED02
,,,,VBVMTEAM2---NOR01
,,,,VBVMTEAM2---POL01
,,,,VBVMTEAM2---QAT01
,,,,VBVMTEAM2---SWE01
,,,,VBVMTEAM2---USA01
,,,,VBVMTEAM2---USA02
,,,,VBVWTEAM2---AUS01
,,,,VBVWTEAM2---BRA01
,,,,VBVWTEAM2---BRA02
,,,,VBVWTEAM2---CAN01
,,,,VBVWTEAM2---CAN02
,,,,VBVWTEAM2---CHN01
,,,,VBVWTEAM2---CZE01
,,,,VBVWTEAM2---EGY01
,,,,VBVWTEAM2---ESP01
,,,,VBVWTEAM2---ESP02
,,,,VBVWTEAM2---FRA01
,,,,VBVWTEAM2---FRA02
,,,,VBVWTEAM2---GER01
,,,,VBVWTEAM2---GER02
,,,,VBVWTEAM2---ITA01
,,,,VBVWTEAM2---JPN01
,,,,VBVWTEAM2---LAT01
,,,,VBVWTEAM2---LTU01
,,,,VBVWTEAM2---NED01
,,,,VBVWTEAM2---PAR01
,,,,VBVWTEAM2---SUI01
,,,,VBVWTEAM2---SUI02
,,,,VBVWTEAM2---USA01
,,,,VBVWTEAM2---USA02
,,,,VVOMTEAM6---ARG01
,,,,VVOMTEAM6---BRA01
,,,,VVOMTEAM6---CAN01
,,,,VVOMTEAM6---EGY01
,,,,VVOMTEAM6---FRA01
,,,,VVOMTEAM6---GER01
,,,,VVOMTEAM6---ITA01
,,,,VVOMTEAM6---JPN01
,,,,VVOMTEAM6---POL01
,,,,VVOMTEAM6---SLO01
,,,,VVOMTEAM6---SRB01
,,,,VVOMTEAM6---USA01
,,,,VVOWTEAM6---BRA01
,,,,VVOWTEAM6---CHN01
,,,,VVOWTEAM6---DOM01
,,,,VVOWTEAM6---FRA01
,,,,VVOWTEAM6---ITA01
,,,,VVOWTEAM6---JPN01
,,,,VVOWTEAM6---KEN01
,,,,VVOWTEAM6---NED01
,,,,VVOWTEAM6---POL01
,,,,VVOWTEAM6---SRB01
,,,,VVOWTEAM6---TUR01
,,,,VVOWTEAM6---USA01
,,,,WPOMTEAM7---AUS01
,,,,WPOMTEAM7---CRO01
,,,,WPOMTEAM7---ESP01
,,,,WPOMTEAM7---FRA01
,,,,WPOMTEAM7---GRE01
,,,,WPOMTEAM7---HUN01
,,,,WPOMTEAM7---ITA01
,,,,WPOMTEAM7---JPN01
,,,,WPOMTEAM7---MNE01
,,,,WPOMTEAM7---ROU01
,,,,WPOMTEAM7---SRB01
,,,,WPOMTEAM7---USA01
,,,,WPOWTEAM7---AUS01
,,,,WPOWTEAM7---CAN01
,,,,WPOWTEAM7---CHN01
,,,,WPOWTEAM7---ESP01
,,,,WPOWTEAM7---FRA01
,,,,WPOWTEAM7---GRE01
,,,,WPOWTEAM7---HUN01
,,,,WPOWTEAM7---ITA01
,,,,WPOWTEAM7---NED01
,,,,WPOWTEAM7---USA01
