code,name,gender,function,disciplines
1536406,FRATINI Elisabetta,Female,Referee,['Judo']
1550583,ILIC Corina,Female,Referee,['Judo']
1550593,MAAFI Ziad,Male,Referee,['Judo']
1550642,FUMEA Maria,Female,Judge,"['Artistic Gymnastics', 'Rhythmic Gymnastics', 'Trampoline Gymnastics']"
1550643,LEUNG Li Li,Female,Judge,"['Artistic Gymnastics', 'Rhythmic Gymnastics', 'Trampoline Gymnastics']"
1550645,MIAO Zhongyi,Male,Judge,"['Artistic Gymnastics', 'Rhythmic Gymnastics', 'Trampoline Gymnastics']"
1550646,VALENZO AOKI Naomi Chieko,Female,Judge,"['Artistic Gymnastics', 'Rhythmic Gymnastics', 'Trampoline Gymnastics']"
1550647,AL HITMI Ali,Male,Judge,"['Artistic Gymnastics', 'Rhythmic Gymnastics', 'Trampoline Gymnastics']"
1550648,AL TABBAA Mouhammed Youssef,Male,Judge,"['Artistic Gymnastics', 'Rhythmic Gymnastics', 'Trampoline Gymnastics']"
1550649,CELEN Suat,Male,Judge,"['Artistic Gymnastics', 'Rhythmic Gymnastics', 'Trampoline Gymnastics']"
1550650,ESAWY Ehab,Male,Judge,"['Artistic Gymnastics', 'Rhythmic Gymnastics', 'Trampoline Gymnastics']"
1550651,YAGI KITAGAWA Tammy,Female,Judge,"['Artistic Gymnastics', 'Rhythmic Gymnastics', 'Trampoline Gymnastics']"
1550652,VALERIO Rogerio,Male,Judge,"['Artistic Gymnastics', 'Rhythmic Gymnastics', 'Trampoline Gymnastics']"
1550653,MOWBRAY Denis,Male,Judge,"['Artistic Gymnastics', 'Rhythmic Gymnastics', 'Trampoline Gymnastics']"
1550654,PEGAN Aljaz,Male,Judge,"['Artistic Gymnastics', 'Rhythmic Gymnastics', 'Trampoline Gymnastics']"
1550655,PENICHE FRANCO Alejandro,Male,Judge,"['Artistic Gymnastics', 'Rhythmic Gymnastics', 'Trampoline Gymnastics']"
1550656,PERRIERE Charles,Male,Judge,"['Artistic Gymnastics', 'Rhythmic Gymnastics', 'Trampoline Gymnastics']"
1550657,TAEYMANS Rosy,Female,Judge,"['Artistic Gymnastics', 'Rhythmic Gymnastics', 'Trampoline Gymnastics']"
1550662,ACOSTA RODRIGUEZ Laura Patricia,Female,Judge,['Rhythmic Gymnastics']
1550672,BEDOSHVILI Eliso,Female,Judge,['Rhythmic Gymnastics']
1550674,BOJAKOWSKI Konrad,Male,Judge,['Trampoline Gymnastics']
1550675,BOUROVA Roumiana,Female,Judge,['Rhythmic Gymnastics']
1550689,DEUTSCH LAZSANYI Erika,Female,Judge,['Rhythmic Gymnastics']
1550693,FILIPSKY Rebecca,Female,Judge,['Trampoline Gymnastics']
1550694,GAIDA Viola,Female,Judge,['Trampoline Gymnastics']
1550695,OLIVEIRA Joao,Male,Judge,['Trampoline Gymnastics']
1550700,HALMU Delia,Female,Judge,['Rhythmic Gymnastics']
1550707,JONES Andrew,Male,Judge,['Trampoline Gymnastics']
1550709,KHOPERIA Rusudan,Female,Judge,['Trampoline Gymnastics']
1550715,LHER Catherine Marie Andree,Female,Judge,['Rhythmic Gymnastics']
1550723,MLEJNKOVA Blanka,Female,Judge,['Rhythmic Gymnastics']
1550724,MROZINSKA Anna,Female,Judge,['Rhythmic Gymnastics']
1550725,NAVA ACEVES Paulina,Female,Judge,['Trampoline Gymnastics']
1550729,PAZOS SANCHEZ RUBIO Maria Inmacula.,Female,Judge,['Trampoline Gymnastics']
1550730,PITKANEN Saila,Female,Judge,['Rhythmic Gymnastics']
1550736,REHOROVA Martina,Female,Judge,['Trampoline Gymnastics']
1550753,SUZUKI Aoi,Female,Judge,['Rhythmic Gymnastics']
1550762,van WETERING Babette,Female,Judge,['Trampoline Gymnastics']
1550763,VANGELOVA Mariya,Female,Judge,['Trampoline Gymnastics']
1550776,BEKTUROVA Alua,Female,Judge,['Rhythmic Gymnastics']
1557225,STROOBANTS Marine,Female,Referee,['Judo']
1560199,FISCHER Matthias,Male,Referee,['Judo']
1560200,LAMPE Nusa,Female,Referee,['Judo']
1560201,CHYURLIA Pasquale,Male,Referee,['Judo']
1560211,FREITAS Leandra,Female,Referee,['Judo']
1562036,SHMAKOV Vladimir,Male,Referee,['Judo']
1562711,MIGLIORINI Sergio,Male,Medical Delegate,['Triathlon']
1563015,BOUHEDDOU Mohamed,Male,Referee,['Judo']
1563830,SZOKE Andor,Male,Referee,['Judo']
1563872,GALEA Louisa,Female,Referee,['Judo']
1563891,BILIC Miroslav,Male,Referee,['Judo']
1563909,DELIU Denisa,Female,Referee,['Judo']
1563980,BEREGSZASZI Zita,Female,Referee,['Judo']
1564197,SANCHEZ del CAMPO Ana,Female,Jury Chair,['Sailing']
1564543,WU Jingyu,Female,Referee,['Taekwondo']
1564544,MAGABLEH Maher,Male,Referee,['Taekwondo']
1564548,KIM Song Chul,Male,Referee,['Taekwondo']
1566303,ANDERSEN Jacob,Male,Jury Member,['Sailing']
1566308,FERRANDIZ RUIZ Luis,Male,Jury Member,['Sailing']
1566313,NAPIER Jon,Male,Jury Member,['Sailing']
1566318,HEREDIA Gonzalo,Male,Jury Member,['Sailing']
1566319,YOVKOVA Iskra,Female,Jury Member,['Sailing']
1566455,BOROCZ Bence,Male,Jury Member,['Sailing']
1566468,JEONG Sungchul,Male,Jury Member,['Sailing']
1566473,GROSVENOR Sandy,Female,Jury Member,['Sailing']
1566474,GUERRA Rodrigo,Male,Jury Member,['Sailing']
1566475,LEWANDOWSKA Anastazja,Female,Jury Member,['Sailing']
1566476,LINDSAY Chris,Male,Jury Member,['Sailing']
1566480,MOOKKEN Selvam,Male,Jury Member,['Sailing']
1566482,ORTENDAHL Christina,Female,Jury Member,['Sailing']
1566488,SCOTT Luke,Male,Jury Member,['Sailing']
1566489,STANIKIC Mina,Female,Jury Member,['Sailing']
1570413,D'URBANO Francesco Jacopo,Male,Judge,['Skateboarding']
1571122,ALSHATHRI A Rahman,Male,Judge,"['Artistic Gymnastics', 'Rhythmic Gymnastics', 'Trampoline Gymnastics']"
1571123,KIM Nellia,Female,Judge,"['Artistic Gymnastics', 'Rhythmic Gymnastics', 'Trampoline Gymnastics']"
1571124,TITOV Vasilii,Male,Judge,"['Artistic Gymnastics', 'Rhythmic Gymnastics', 'Trampoline Gymnastics']"
1571143,ALIPRANDI Elena,Female,Judge,['Rhythmic Gymnastics']
1571146,DRAGAS Spela,Female,Judge,['Rhythmic Gymnastics']
1571149,IEROMINA Nataliia,Female,Judge,['Rhythmic Gymnastics']
1893012,CHIARI Roberto,Male,Referee,['Basketball']
1893016,THOMSON Mike,Male,Referee,['Basketball']
1893040,DUPUCHE Crystal,Female,Referee,['Basketball']
1893057,VAQUERA Alejandro,Male,Referee,['Basketball']
1893105,SHAFAGHI Shahrad,Male,Referee,['Basketball']
1893111,KAUPPINEN Hannu,Male,Referee,['Basketball']
1893239,CASTRO Antonio,Male,Referee,['Judo']
1893241,MURADOV Abdullo,Male,Referee,['Judo']
1894925,AMANTINO Giseli,Female,Referee,['Beach Volleyball']
1894929,BOCK Stephen,Male,Referee,['Volleyball']
1894942,CARVALHO Rui Jorge,Male,Referee,['Beach Volleyball']
1894943,HIEBERT Brian,Male,Referee,['Beach Volleyball']
1894944,RENE Karina,Female,Referee,['Volleyball']
1894975,CRESCENTINI Davide,Male,Referee,['Beach Volleyball']
1894976,SIMONOVIC Vladimir,Male,Referee,['Volleyball']
1894978,WANG Lijun,Female,Referee,['Beach Volleyball']
1894979,BEATIE Brigham,Male,Referee,['Beach Volleyball']
1895002,SATOMI Mariko,Female,Referee,['Beach Volleyball']
1895006,SAAVEDRA CACERES Juan Carlos,Male,Referee,['Beach Volleyball']
1895007,OZBAR Nurper,Female,Referee,['Volleyball']
1895009,IVANOV Ivaylo,Male,Referee,['Volleyball']
1895011,DRUART Sylvain,Male,Referee,['Beach Volleyball']
1895012,MYSZKOWSKA Agnieszka,Female,Referee,['Beach Volleyball']
1895013,PAPADOGOULAS Charalampos,Male,Referee,['Beach Volleyball']
1895017,CESARE Stefano,Male,Referee,['Volleyball']
1895018,LEKO Robert,Male,Referee,['Beach Volleyball']
1895019,GUILLEMETTE Lucie,Female,Challenge Referee,['Beach Volleyball']
1895020,GRASS Angela,Female,Referee,['Volleyball']
1895021,KANDIL Wael,Male,Referee,['Volleyball']
1895022,BENNETT John,Male,Challenge Referee,['Beach Volleyball']
1895023,MOKRY Juraj,Male,Referee,['Volleyball']
1895025,COLLADOS Fabrice,Male,Referee,['Volleyball']
1895026,RAPISARDA Daniele,Male,Challenge Referee,['Volleyball']
1895027,BOUDAYA Taoufik,Male,Challenge Referee,['Volleyball']
1895028,ALROUSI ALHAMMADI Hamid Mohamed Ah.,Male,Referee,['Volleyball']
1895031,GEROTHODOROS Epaminondas,Male,Referee,['Volleyball']
1895034,SUMAVIL Osvaldo,Male,Referee,['Beach Volleyball']
1895035,BRONISZ Robert,Male,Challenge Referee,['Beach Volleyball']
1895037,CESPEDES Denny,Male,Referee,['Volleyball']
1895038,DZIEWIRZ Scott,Male,Referee,['Volleyball']
1895040,PADRON Jose Maria,Male,Referee,['Beach Volleyball']
1895042,MAROSZEK Wojciech,Male,Referee,['Volleyball']
1895047,MYOI Sumie,Female,Referee,['Volleyball']
1895048,MUKUNDIYUKURI Jean de Dieu,Male,Referee,['Beach Volleyball']
1897318,CSOSZ Imre,Male,Referee,['Judo']
1898273,HUNT Patrick,Male,Jury Member,['Basketball']
1898633,AL SHUWAILI Ahmed,Male,Referee,['Basketball']
1898640,ANAYA Julio,Male,Referee,['Basketball']
1898648,BAKI Kerem,Male,Referee,['Basketball']
1898669,BARTEL Andres,Male,Referee,['Basketball']
1898675,BATISTA Johnny,Male,Referee,['Basketball']
1898693,BEKER Scott,Male,Referee,['Basketball']
1898701,BERMUDEZ Omar,Male,Referee,['Basketball']
1898712,BONNER Amy,Female,Referee,['Basketball']
1898728,BURNS Blanca,Female,Referee,['Basketball']
1898782,CASTILLO Luis,Male,Referee,['Basketball']
1898799,CHUECA Ariadna,Female,Referee,['Basketball']
1898911,CONDE Antonio,Male,Referee,['Basketball']
1899120,SUTHERLAND Jamie,Male,Jury Member,['Sailing']
1899125,TANAKA Masaaki,Male,Jury Member,['Sailing']
1899135,WILMINK E V den BURGER Pauline,Female,Jury Member,['Sailing']
1906878,SMAK Wouter,Male,Judge,['Cycling BMX Freestyle']
1916068,MORARD Tristan,Male,Referee,['Wrestling']
1916391,VILLET Charles,Male,Referee,['Wrestling']
1916453,BARGAILA Deividas,Male,Referee,['Wrestling']
1916503,VEYRAT Emmanuel,Male,Referee,['Wrestling']
1916629,BOUAZIZ Youssef,Male,Referee,['Wrestling']
1916804,MENKOVAS Kirilas,Male,Referee,['Wrestling']
1916826,NEDELJKOVIC Leonardo,Male,Referee,['Wrestling']
1916838,BORJANOVIC Borislav,Male,Referee,['Wrestling']
1920697,CHIASSON Marcia,Female,Referee,['Wrestling']
1920703,KOUTSOPODIOTIS Demetra,Female,Referee,['Wrestling']
1920739,SUN Jian,Male,Referee,['Wrestling']
1920745,OCIC Zvonko,Male,Referee,['Wrestling']
1921064,SCHEINER Vaclav,Male,Referee,['Wrestling']
1921117,HIETALA Joonas,Male,Referee,['Wrestling']
1921173,TRAN Melanie,Female,Referee,['Wrestling']
1922135,JIBLADZE Zaza,Male,Referee,['Wrestling']
1922182,SCHERER Ramona,Female,Referee,['Wrestling']
1922183,DAHRA Amel,Female,Referee,['Basketball']
1922369,DAVIDSON Yann,Male,Referee,['Basketball']
1922392,SCHMITT Karl Peter,Male,Referee,['Wrestling']
1922396,FERNANDEZ Juan,Male,Referee,['Basketball']
1922427,GEORGIOU Pavlina,Female,Referee,['Wrestling']
1922432,FORSBERG Maj,Female,Referee,['Basketball']
1922550,GYORGYI Viola,Female,Referee,['Basketball']
1922553,LIAKOS Christos,Male,Referee,['Wrestling']
1922569,KALLIO Matthew,Male,Referee,['Basketball']
1922570,SLEISZ Gabriella,Female,Referee,['Wrestling']
1922591,KATO Takaki,Male,Referee,['Basketball']
1922614,KOZLOVSKIS Martins,Male,Referee,['Basketball']
1922689,KREJIC Boris,Male,Referee,['Basketball']
1923016,LEE Jiwoo,Female,Referee,['Wrestling']
1927242,WARWICK Richard Jaydes,Male,Referee,['Taekwondo']
1928960,LISZKA Wojciech,Male,Referee,['Basketball']
1929700,TOOLEY Jim,Male,Jury Member,['Basketball']
1929719,BRENSCHEIDT Wolfgang,Male,Jury Member,['Basketball']
1929775,BARTLETT Michael,Male,Jury Member,['Basketball']
1932965,CAMACHO IBARRA Juan Arturo,Male,Referee,['Wrestling']
1933080,ABDOELAEV Edmar,Male,Referee,['Wrestling']
1933098,HAMMER Thomas,Male,Referee,['Wrestling']
1933258,GALVA LEBRON Rafael Abraham,Male,Referee,['Wrestling']
1933271,CIMPOERU Marius,Male,Referee,['Wrestling']
1933310,TORBICA Nikola,Male,Referee,['Wrestling']
1933349,SJOSTROM Linn,Female,Referee,['Wrestling']
1933383,SHADGAN Babak,Male,Referee,['Wrestling']
1933394,GARCIA Carlos,Male,Referee,['Wrestling']
1933402,SILVESTRI Antonio,Male,Referee,['Wrestling']
1933411,KOIKE Kuninori,Male,Referee,['Wrestling']
1934331,KARAS Martin,Male,Judge,['Skateboarding']
1934350,IWAKATA Rieko,Female,Judge,['Skateboarding']
1934369,SANCHEZ Natalia,Female,Judge,['Skateboarding']
1934479,PICCOLO Ilaria,Female,Judge,['Skateboarding']
1934504,SCHRODER Laura,Female,Judge,['Skateboarding']
1937668,KONSTANTINOU Loukas,Male,Referee,['Wrestling']
1937682,GYARMATI Ferenc,Male,Referee,['Wrestling']
1937701,MESSER KERSTING Thomas,Male,Referee,"['3x3 Basketball', 'Basketball']"
1937705,SERNEK Stanislav,Male,Referee,['Wrestling']
1937758,BERTRAND Eric,Male,Referee,['3x3 Basketball']
1937785,HO Edmond,Male,Referee,['3x3 Basketball']
1937791,JANG Tsong Rong,Male,Referee,['Wrestling']
1937815,MICHAELIDES Markos-Elias,Male,Referee,['3x3 Basketball']
1937848,MALISZEWSKI Marek,Male,Referee,['3x3 Basketball']
1937858,CHAJIDDINE Najib,Male,Referee,['3x3 Basketball']
1937879,GHIZDAREANU Vlad,Male,Referee,['3x3 Basketball']
1937882,GOESSL Casey,Male,Referee,['Wrestling']
1937884,JURAS Jasmina,Female,Referee,['3x3 Basketball']
1937897,BOUAZIZ Mohamed Kamel,Male,Referee,['Wrestling']
1937903,SHI Qirong,Female,Referee,['3x3 Basketball']
1937919,KIM Gain,Female,Referee,['3x3 Basketball']
1937973,CSABAI-KASKOTO Brigitta,Female,Referee,['3x3 Basketball']
1937982,OKATCH Dorothy,Female,Referee,['3x3 Basketball']
1937992,NEUMANN Aleisha,Female,Umpire,['Hockey']
1937993,KEOGH Alison,Female,Umpire,['Hockey']
1937994,CHURCH Amber,Female,Umpire,['Hockey']
1937996,McCLEAN Ayanna,Female,Umpire,['Hockey']
1938000,TAN Cookie,Female,Umpire,['Hockey']
1938001,BARSTOW Daniel,Male,Umpire,['Hockey']
1938002,TOMLINSON David,Male,Umpire,['Hockey']
1938004,YAMADA Emi,Female,Umpire,['Hockey']
1938006,LABATE Gabriel,Male,Umpire,['Hockey']
1938007,GREENFIELD Gareth,Male,Umpire,['Hockey']
1938008,HARRISON Hannah,Female,Umpire,['Hockey']
1938009,LIM Hong Zhen,Male,Umpire,['Hockey']
1938010,PRESENQUI Irene,Female,Umpire,['Hockey']
1938013,JACKSON Deanna,Female,Referee,['3x3 Basketball']
1938014,VAN'T HEK Jonas,Male,Umpire,['Hockey']
1938015,van BUNGE Coen,Male,Umpire,['Hockey']
1938016,DELFORGE Laurine,Female,Umpire,['Hockey']
1938019,GROCHAL Marcin,Male,Umpire,['Hockey']
1938022,MADDEN Martin,Male,Umpire,['Hockey']
1938024,WILLIAMS Rachel,Female,Umpire,['Hockey']
1938030,WILSON Sarah,Female,Umpire,['Hockey']
1938032,ROGERS Steve,Male,Umpire,['Hockey']
1938039,KIREZIEV Nedyalko Kirov,Male,Referee,['Wrestling']
1938090,TALISAINEN Alex,Male,Referee,['3x3 Basketball']
1938097,JULIAN Samuel,Male,Referee,['Wrestling']
1938099,CSENDER Andrada Monika,Female,Referee,['3x3 Basketball']
1938104,VESKOVIC Vladimir,Male,Referee,['3x3 Basketball']
1938105,SYLSTAD Susanna,Female,Referee,['Wrestling']
1938619,CICIOGLU Ibrahim,Male,Referee,['Wrestling']
1940919,YUCEL Mehmet Gurhan,Male,Referee,['Wrestling']
1941133,BASHIRZADEH NAMADMAL Mehdi,Male,Referee,['Wrestling']
1941151,BLATT Scott,Male,Judge,['Cycling BMX Freestyle']
1941720,JAZBINSEK Marko,Male,Judge,['Skateboarding']
1941779,DILLEWAARD Dave,Male,Judge,['Cycling BMX Freestyle']
1941791,CLEWORTH David,Male,Head Judge,['Cycling BMX Freestyle']
1942348,NIEVAS Alhambra,Female,Referee,['Rugby Sevens']
1942350,BLANCO Juan Cruz,Male,Referee,['Rugby Sevens']
1942353,VENTER Wanri,Female,Umpire,['Hockey']
1942354,LEAL Adam,Male,Referee,['Rugby Sevens']
1942356,JUMA James,Male,Referee,['Rugby Sevens']
1942360,JOUBERT Craig Paul,Male,Referee,['Rugby Sevens']
1942361,MATTHEWS Fran,Female,Referee,['Rugby Sevens']
1942363,JOHNSTON Matthew,Male,Referee,['Rugby Sevens']
1942365,MATSUO Amy,Female,Referee,['Rugby Sevens']
1942367,NOLAN Yvonne,Female,Referee,['Rugby Sevens']
1942368,FERGUSON Peter,Male,Referee,['Rugby Sevens']
1942369,O'DWYER Carmel,Female,Referee,['Rugby Sevens']
1942370,DONAGHER Ronan,Male,Referee,['Rugby Sevens']
1942371,O'BRIEN Paddy,Male,Referee,['Rugby Sevens']
1942372,QUINLAN Christopher,Male,Referee,['Rugby Sevens']
1942373,KEANE David,Male,Referee,['Rugby Sevens']
1942374,TWOMEY Cian,Male,Referee,['Rugby Sevens']
1942375,GNECCHI Gianluca,Male,Referee,['Rugby Sevens']
1942376,DICKENS Beth,Female,Referee,['Rugby Sevens']
1942377,ROZIER Jeremy,Male,Referee,['Rugby Sevens']
1942378,WARD David,Male,Referee,['Rugby Sevens']
1942379,ROKOVERENI Tevita,Male,Referee,['Rugby Sevens']
1942380,McPHAIL James,Male,Referee,['Rugby Sevens']
1942972,WANG Ziling,Female,Referee,['Volleyball']
1943350,HUGHES Christi,Female,Judge,['Cycling BMX Freestyle']
1943476,RAPAPORT Sean,Male,Umpire,['Hockey']
1948013,ROSTRON Annelize,Female,Umpire,['Hockey']
1948034,PRASAD Raghu,Male,Umpire,['Hockey']
1948172,MIKHEYEV Yevgeniy,Male,Referee,['Basketball']
1948315,MOSTAFA Wael,Male,Referee,['Basketball']
1948497,NOUJAIM Rabah,Male,Referee,['Basketball']
1948922,PERALTA Carlos,Male,Referee,['Basketball']
1949000,PAEZ Kristian,Male,Referee,['Basketball']
1949352,JURGENS Axel,Male,Judge,['Cycling BMX Freestyle']
1956115,KACHINSKY Brian,Male,Judge,['Cycling BMX Freestyle']
1956714,NOIROT Romuald,Male,Judge,['Cycling BMX Freestyle']
1957925,TOSI Fulvia,Female,Judge,['Cycling BMX Freestyle']
1958435,McGARRIGLE Ben,Male,Referee,['Boxing']
1958462,REESE Shawn,Male,Referee,['Boxing']
1958696,ALTAYEV Alisher,Male,Referee,['Boxing']
1958816,MOUHNI Abderrazzak,Male,Referee,['Boxing']
1958835,BABANLI Anar,Male,Judge,['Boxing']
1958863,FERREIRA Emanuel,Male,Referee,['Boxing']
1958875,PASTOR ARREAGA Emerson Alejandro,Male,Referee,['Boxing']
1959180,SCHNEIDER Jill,Female,Jury Member,['Basketball']
1963610,PRAKSCH Peter,Male,Referee,['Basketball']
1963689,RENEAU Jenna,Female,Referee,['Basketball']
1963755,ROSSO Yohan,Male,Referee,['Basketball']
1963769,SALINS Gatis,Male,Referee,['Basketball']
1963784,VAZQUEZ Roberto,Male,Referee,['Basketball']
1963816,VULIC Martin,Male,Referee,['Basketball']
1963832,ZURAPOVIC Ademir,Male,Referee,['Basketball']
1963904,MALO Maripier,Female,Referee,['Basketball']
1963920,MAZZONI Manuel,Male,Referee,['Basketball']
1969254,LATOS Maria,Female,Referee,['Rugby Sevens']
1969255,FERREIRA Morne,Male,Referee,['Rugby Sevens']
1969256,BREAKSPEAR Ben,Male,Referee,['Rugby Sevens']
1969257,DUARTE Paulo,Male,Referee,['Rugby Sevens']
1969258,WAY Jordan,Male,Referee,['Rugby Sevens']
1969260,HOGAN Nick,Male,Referee,['Rugby Sevens']
1969261,RACACA Lavenia,Female,Referee,['Rugby Sevens']
1969262,CARTER Jennifer,Female,Referee,['Rugby Sevens']
1969263,COGGER-ORR Maggie,Female,Referee,['Rugby Sevens']
1969264,RODDEN Matt,Male,Referee,['Rugby Sevens']
1969265,SELWOOD George,Male,Referee,['Rugby Sevens']
1969266,LOPEZ Cisco,Male,Referee,['Rugby Sevens']
1969267,KUWAI Ano,Female,Referee,['Rugby Sevens']
1969268,LOOK Michelle,Female,Referee,['Rugby Sevens']
1969271,GONZALEZ Francisco,Male,Referee,['Rugby Sevens']
1969272,WATTERS Phil,Male,Referee,['Rugby Sevens']
1969273,CHAUDHRY Talal-Azmat,Male,Referee,['Rugby Sevens']
1969274,CHAN Craig,Male,Referee,['Rugby Sevens']
1969278,BROWN Finlay,Male,Referee,['Rugby Sevens']
1969280,ROCHE Kat,Female,Referee,['Rugby Sevens']
1969282,ARCHER Jamie,Male,Referee,['Rugby Sevens']
1969286,JACOBS Aj,Male,Referee,['Rugby Sevens']
1972217,GURBANALIYEV Emil,Male,Referee,['Boxing']
1972380,MILAN PONCE Juan,Male,Judge,['Boxing']
1978063,RAMOS Armando,Male,Referee,['Basketball']
1978746,JULIEN Chantal,Female,Referee,['Basketball']
1979320,PALVANOV Alisher,Male,Referee,['Boxing']
1979476,MUHIDDINOV Mansur,Male,Judge,['Boxing']
1979504,DROZ Nicolas,Male,Judge,['Skateboarding']
1979546,JUMANIYAZOV Bahodir,Male,Judge,['Boxing']
1984366,KEANE Reuben,Male,Referee,['Rugby Sevens']
1984367,MILLER Tyler,Female,Referee,['Rugby Sevens']
1986901,LEE Jaewook,Male,Referee,['Taekwondo']
1988167,MGBILITY,Male,Head Judge,['Breaking']
1990684,CHIAMPAS George,Male,Referee,['Football']
1990685,DUEHMERT Katharina,Female,Referee,['Football']
1990686,FEKE Penateti,Female,Referee,['Football']
1990687,FUSTAGNO Fiorella,Female,Referee,['Football']
1990688,TERRA Tadeu,Male,Referee,['Football']
1990690,BILLINGHAM Johsan,Male,Referee,['Football']
1990691,BOYCE Steve,Male,Referee,['Football']
1990692,CARPINTEIRO ZIMMERMANN Philip,Male,Referee,['Football']
1990693,DEAN Pauline,Female,Referee,['Football']
1990695,ARAUJO Joao,Male,Referee,['Football']
1990697,FOFI Lorenzo,Male,Referee,['Football']
1990698,HAMARSHA Zeina,Female,Referee,['Football']
1990700,ILIC James,Male,Referee,['Football']
1990702,LEE Jae,Male,Referee,['Football']
1990703,LENA Felix,Male,Referee,['Football']
1990704,MACLEAN John,Male,Referee,['Football']
1990705,MATEOS Andres,Male,Referee,['Football']
1990706,MERZOUK Mehdi,Male,Referee,['Football']
1990707,PATEL Sameer,Male,Referee,['Football']
1990710,SCHEPERBOER Coen,Male,Referee,['Football']
1990711,SHENOUDA Emad,Male,Referee,['Football']
1990714,TOBIAS Guillermo,Male,Referee,['Football']
1990715,UCHIDA Shintaro,Male,Referee,['Football']
1990716,VELASQUEZ Pedro,Male,Referee,['Football']
1990717,WEILER Richard,Male,Referee,['Football']
1990718,TAVARES Eduardo,Male,Referee,['Football']
1990719,DAI Jessie,Female,Referee,['Football']
1990720,LUZANOV Pavel,Male,Referee,['Football']
1990721,NASSAR Khaled,Male,Referee,['Football']
1990736,DACOSTA Latoya,Female,Referee,['Football']
1990795,MUKAI Naoko,Female,Judge,"['Artistic Gymnastics', 'Rhythmic Gymnastics', 'Trampoline Gymnastics']"
1990866,CACHEMAILLE Celine,Female,Judge,"['Artistic Gymnastics', 'Rhythmic Gymnastics', 'Trampoline Gymnastics']"
1990867,DETRAZ Stephane,Male,Judge,"['Artistic Gymnastics', 'Rhythmic Gymnastics', 'Trampoline Gymnastics']"
1990868,MARTINET Sylvie,Female,Judge,"['Artistic Gymnastics', 'Rhythmic Gymnastics', 'Trampoline Gymnastics']"
1990869,VINAGRE Rui,Male,Judge,"['Artistic Gymnastics', 'Rhythmic Gymnastics', 'Trampoline Gymnastics']"
1990870,TERRIER Zina,Female,Judge,"['Artistic Gymnastics', 'Rhythmic Gymnastics', 'Trampoline Gymnastics']"
1991692,SEN Levent,Male,Referee,['Wrestling']
1991697,HALAWA Sherif,Male,Referee,['Wrestling']
1991704,TRAI Belkacem,Male,Referee,['Wrestling']
1993466,BASTIAN Beatrice,Female,Judge,['Boxing']
1993467,BECKLES James,Male,Judge,['Boxing']
1993468,BILETSKYI Igor,Male,Judge,['Boxing']
1993469,CELEA Cristian-Georgica,Male,Judge,['Boxing']
1993470,COBZAC Ramona Manuela,Female,Judge,['Boxing']
1993544,SANKO Barbara,Female,Judge,['Boxing']
1993545,FISCHER Angelika,Female,Judge,['Boxing']
1993546,DREKE Erich,Male,Judge,['Boxing']
1993547,EMERY Doug,Male,Judge,['Boxing']
1993548,MORLEY Ray,Male,Judge,['Boxing']
1993549,SALVO Hernan,Male,Judge,['Boxing']
1993550,SANCHEZ Armando,Male,Judge,['Boxing']
1993551,SANTI Bernardino,Male,Judge,['Boxing']
1993552,SCAPPA Chiara,Female,Judge,['Boxing']
1993553,SHEVELOVA Olha,Female,Judge,['Boxing']
1993554,SHTYFURA Polina,Female,Judge,['Boxing']
1993555,SOTO Andrews L,Male,Judge,['Boxing']
1993556,TRIKALIOTIS Panagiotis,Male,Judge,['Boxing']
1993557,VILLARREAL Angel Luis,Male,Judge,['Boxing']
1993558,WONG William Alexander,Male,Judge,['Boxing']
1993629,DAWANI Nadin,Female,Referee,['Taekwondo']
1994107,RAVEL Stephanie,Female,Judge,['Boxing']
1994108,MENARA Mario,Male,Judge,['Boxing']
1994109,HADJRI Mokhtar,Male,Judge,['Boxing']
1994110,GOSSELIN Severine,Female,Judge,['Boxing']
1994111,SILBERMANN Philippe,Male,Judge,['Boxing']
1994112,OUBAALI S Mail,Male,Judge,['Boxing']
1994151,GUILLEMOT Vincent,Male,Referee,['Handball']
1994152,LEFORT Yohan,Male,Referee,['Handball']
1994153,CASTAGNO Frederic,Male,Referee,['Handball']
1994154,GRUMEL Nicolas,Male,Referee,['Handball']
1994155,RICHEL Marie,Female,Referee,['Handball']
1994156,VINCENT Tatiana,Female,Referee,['Handball']
1994157,PRUDHOMME Eddy,Male,Referee,['Handball']
1994158,LAMY Jacques,Male,Referee,['Handball']
1994159,RENAULT Romain,Male,Referee,['Handball']
1994160,de la CROIX Marie Laure,Female,Referee,['Handball']
1994161,NOUVEL Jerome,Male,Referee,['Handball']
1994162,BENRHAZAL Mohamed,Male,Referee,['Handball']
1994163,SMITS Nathalie,Female,Referee,['Handball']
1994164,CARON Christophe,Male,Referee,['Handball']
1994165,FERRIER Eduardo,Male,Referee,['Handball']
1994166,EL MEDIOUNI Najet,Female,Referee,['Handball']
1994167,VAILLANT Patrice,Male,Referee,['Handball']
1994168,CALLIGARIS Laurent,Male,Referee,['Handball']
1994169,CALLIGARIS Florian,Male,Referee,['Handball']
1994170,VERCHERE Thomas,Male,Referee,['Handball']
1994171,THOMAZO Alann,Male,Referee,['Handball']
1994172,LEIDWANGER Stephane,Male,Referee,['Handball']
1994173,BOBIN Thierry,Male,Referee,['Handball']
1994174,SOBOLEWSKI Detlef,Male,Referee,['Handball']
1994175,VERNET Gauthier,Male,Referee,['Handball']
1994177,DAVID Audrey,Female,Referee,['Handball']
1994178,PICARD Sylvie,Female,Referee,['Handball']
1994179,GRALL LEMAITRE Flore,Female,Referee,['Handball']
1994180,ALMEIDA Manuel,Male,Referee,['Handball']
1994181,COQUIN Johann,Male,Referee,['Handball']
1994182,GANDON Maxime,Male,Referee,['Handball']
1994183,CAPLIEZ Virginie,Female,Referee,['Handball']
1994510,ABUJABER Iman,Female,Referee,['Football']
1995222,MEARY Aurelia,Female,Referee,['3x3 Basketball']
1995226,BOIRE Elise,Female,Referee,['3x3 Basketball']
1995228,BOUTONNET Gregoire,Male,Referee,['3x3 Basketball']
1995229,PREL Nicolas,Male,Referee,['3x3 Basketball']
1995231,TAEYE Corinne,Female,Referee,['3x3 Basketball']
1995232,FAYS Francois,Male,Referee,['3x3 Basketball']
1995233,FOREST Alexis,Male,Referee,['3x3 Basketball']
1995236,MECHIN Celine,Female,Referee,['3x3 Basketball']
1995237,SEVAUX Arnaud,Male,Referee,['3x3 Basketball']
1995239,CORTINOVIS BEGLOT Chloe,Female,Referee,['3x3 Basketball']
1995240,HENON Sandrine,Female,Referee,['3x3 Basketball']
1995244,FRANCOIS Cedric,Male,Referee,['3x3 Basketball']
1997639,FROST,Female,Judge B,['Breaking']
1997650,DOM-K,Male,Judge H,['Breaking']
1997675,JESS,Female,Judge E,['Breaking']
1997676,INTACT,Male,Judge I,['Breaking']
1998243,MIGAZ,Male,Judge D,['Breaking']
2003348,VIRUS,Male,Judge G,['Breaking']
2005147,ABATTI Ramon,Male,Referee,['Football']
2005151,AL NAQBI Adel,Male,Referee,['Football']
2005153,ALVES Edina,Female,Referee,['Football']
2005159,BEIDA Dahane,Male,Referee,['Football']
2005161,BERNATSKAIA Veronika,Female,Referee,['Football']
2005166,CALDERAS Emikar,Female,Referee,['Football']
2005170,CVETKOVIC Jelena,Female,Referee,['Football']
2005179,ESKAS Espen,Male,Referee,['Football']
2005180,FALCON Yael,Male,Referee,['Football']
2005181,FERNANDEZ Anahi,Female,Referee,['Football']
2005182,FISCHER Drew,Male,Referee,['Football']
2005183,GARCIA Katia,Female,Referee,['Football']
2005188,KARBOUBI Bouchra,Female,Referee,['Football']
2005189,KAWANA-WAUGH Campbell-Kirk,Male,Referee,['Football']
2005190,KIM Yujeong,Female,Referee,['Football']
2005191,KLARLUND Frida,Female,Referee,['Football']
2005193,LETEXIER Francois,Male,Referee,['Football']
2005195,MARTINEZ Said,Male,Referee,['Football']
2005200,NYBERG Glenn,Male,Referee,['Football']
2005201,OLOFSSON Tess,Female,Referee,['Football']
2005206,PENSO Tori,Female,Referee,['Football']
2005218,WELCH Rebecca,Female,Referee,['Football']
2005219,YAMASHITA Yoshimi,Female,Referee,['Football']
2005674,LAUKKANEN Anna,Female,Judge,['Boxing']
2005675,WILSON Rosalind,Female,Judge,['Boxing']
2005676,MACDIARMADA Diarmuid,Male,Judge,['Boxing']
2005677,NORFORD Micky,Male,Judge,['Boxing']
2005678,PENA CLEMENTE Felix Francisco,Male,Judge,['Boxing']
2005679,BLANCHARD Edward,Male,Judge,['Boxing']
2005680,BOBINAS Vilmantas,Male,Judge,['Boxing']
2005681,CALO-OY Mark,Male,Judge,['Boxing']
2005682,CANNELL Geoffrey,Male,Judge,['Boxing']
2005683,DAHLEN Geir,Male,Referee,['Boxing']
2005684,BEKI Piroska,Female,Referee,['Boxing']
2005685,DUNAR Cem,Male,Referee,['Boxing']
2005686,FALORNI Paola,Female,Judge,['Boxing']
2005687,FRANCHI Carlo,Male,Judge,['Boxing']
2005688,GASPAR Antonin,Male,Referee,['Boxing']
2005690,HANEVICS Leonids,Male,Judge,['Boxing']
2005691,KOPKE Susann,Female,Referee,['Boxing']
2005692,LYUBARSKYY Yuriy,Male,Judge,['Boxing']
2005693,MELISS Dmitri,Male,Referee,['Boxing']
2005694,MIETLA Kazimierz,Male,Judge,['Boxing']
2005695,OLANDER Mats,Male,Judge,['Boxing']
2005696,PAVLOV Pavel,Male,Referee,['Boxing']
2005697,PETERSON Wade,Male,Referee,['Boxing']
2005698,PETERSON Jakov,Male,Referee,['Boxing']
2005699,POPOV Ivan,Male,Judge,['Boxing']
2005700,RAMAJ Naim,Male,Judge,['Boxing']
2005701,RIVERA Don,Male,Judge,['Boxing']
2005702,RIZZARDO Maria,Female,Judge,['Boxing']
2005703,SCHRODER Jurgen,Male,Judge,['Boxing']
2005704,SERVIDE Roberto Fernando,Male,Referee,['Boxing']
2005705,SIMON Radoslav,Male,Referee,['Boxing']
2005706,SNIUKSTA Gintaras,Male,Judge,['Boxing']
2005707,HAMMER SORENSEN Jorgen,Male,Judge,['Boxing']
2005708,VASILIAUSKAS Rytis,Male,Judge,['Boxing']
2005709,VASYLYNCHUK Pavlo,Male,Judge,['Boxing']
2005710,VERHOEVEN Jeffery,Male,Referee,['Boxing']
2005711,VILARINO Manuel,Male,Referee,['Boxing']
2005712,PIKE David,Male,Judge,['Boxing']
2005713,SZUCS Veronika,Female,Referee,['Boxing']
2005714,RUHEN Carl,Male,Referee,['Boxing']
2005715,INNES Lee,Male,Referee,['Boxing']
2005716,MA Jonghyo,Male,Judge,['Boxing']
2005717,LIN Chia Chan,Female,Referee,['Boxing']
2005718,LEE Hyeok,Female,Judge,['Boxing']
2005719,KURGINIAN Artur,Male,Judge,['Boxing']
2005720,KRUTASOV Sergei,Male,Referee,['Boxing']
2005721,KIM Jihyun,Male,Judge,['Boxing']
2005722,KIM Jongjin,Male,Referee,['Boxing']
2005723,MIHAI Ion,Male,Judge,['Boxing']
2005724,CHO Jungsook,Female,Referee,['Boxing']
2005725,CHANG Yu Ling,Female,Judge,['Boxing']
2005726,ALLAN CAMPBELL Beau,Male,Judge,['Boxing']
2005727,ZELIKOWICZ Luis,Male,Judge,['Boxing']
2005728,STEPHENS JOHN Deborah Ann,Female,Judge,['Boxing']
2005729,VONG Kuok Veng,Male,Judge,['Boxing']
2005730,JAYASINHA Eesajith,Male,Judge,['Boxing']
2005731,WHIPPY Ratu Seru,Male,Judge,['Boxing']
2005733,CHAPLIN David,Male,Judge,['Boxing']
2005734,DZIURGOT Maciej,Male,Judge,['Boxing']
2005735,STEFANSKI Filip,Male,Judge,['Boxing']
2005737,MADEN Johany,Male,Judge,['Boxing']
2008524,KAZUHIRO,Male,Judge A,['Breaking']
2009147,HAMILTON Odette,Female,Referee,['Football']
2009149,ISMAIL Mahmood,Male,Referee,['Football']
2009154,TANTASHEV Ilgiz,Male,Referee,['Football']
2009168,NABADDA Shamirah,Female,Referee,['Football']
2014175,NI Marina,Female,Judge,['Boxing']
2014176,SUIYENISH Yermek,Male,Referee,['Boxing']
2014177,THAMPU Nelka,Female,Referee,['Boxing']
2014178,SAI ASHOK Kabilan,Male,Referee,['Boxing']
2014179,SAFRASK Mohamed,Male,Judge,['Boxing']
2014180,MOUFASSIR Said,Male,Judge,['Boxing']
2014182,BORKOEVA Zhamila,Female,Judge,['Boxing']
2014183,POHAN Muhammad,Male,Referee,['Boxing']
2014230,ABBAR Bachir,Male,Referee,['Boxing']
2014600,BATYROV Nurbek,Male,Judge,['Boxing']
2017691,FRANCO-ROOKS Sheldon,Male,Referee,['Judo']
2044484,AMANO Akiko,Female,Referee,['Judo']
2046731,BABIUC Ioana,Female,Referee,['Judo']
2049057,BATAILLE Matthieu,Male,Referee,['Judo']
2050908,CODA Renata,Female,Referee,['Marathon Swimming']
2052888,BEN ZVI Ofer,Male,Referee,['Judo']
2054317,CAMACHO PEREZ Raul,Male,Referee,['Judo']
2057677,CHYURLIA Roberta,Female,Referee,['Judo']
2059799,CRUZ CRUZ Orlando,Male,Referee,['Judo']
2061938,DJIMBI Jean Claude,Male,Referee,['Judo']
2063597,dos SANTOS Mariano,Male,Referee,['Judo']
2067277,GONZALEZ Elizabeth,Female,Referee,['Judo']
2073824,GOSZTONYI Balazs,Male,Referee,['Judo']
2074928,MARERE Aehoitetauirarii,Male,Technical Official,['Surfing']
2074935,ARAKINO Moko,Male,Technical Official,['Surfing']
2074939,MASSIN Nathalie,Female,Technical Official,['Surfing']
2074945,AMARU Prisca,Female,Technical Official,['Surfing']
2074951,COUTURAUD Heremoana,Male,Technical Official,['Surfing']
2074956,DUHAZE Yann,Male,Technical Official,['Surfing']
2074962,PAHAPE Sarah,Female,Technical Official,['Surfing']
2074968,de LONGEAUX Xavier,Male,Technical Official,['Surfing']
2075404,KARINKANTA Veli-Matti,Male,Referee,['Judo']
2078388,NUTSUBIDZE Vladimer,Male,Referee,['Judo']
2080942,PERETEYKO Vyacheslav,Male,Referee,['Judo']
2082578,FRANULOVIC Andrej,Male,Referee,['Water Polo']
2083888,RAO Lang,Female,Judge,['Diving']
2084202,PETR Lubomir,Male,Referee,['Judo']
2084318,DEBRECENI Nora Nikola,Female,Referee,['Water Polo']
2084569,KRUTKAEW Varinthip,Female,Referee,['Marathon Swimming']
2084667,ZHANG Liang,Male,Referee,['Water Polo']
2084843,AXTELIUS Peter,Male,Judge,['Diving']
2084910,PARISI Hugo,Male,Judge,['Diving']
2085388,KOLIC Natasa,Female,Judge,['Diving']
2085933,BLANCHARD Aurely,Female,Referee,['Water Polo']
2086405,ZHANG Guangyue,Female,Referee,['Judo']
2088103,CORTES Manuel,Male,Referee,['Judo']
2090832,KNOESTER Carlo,Male,Referee,['Judo']
2092195,MASHBAT Bukhbat,Male,Referee,['Judo']
2093293,RAKHLIN Evgeny,Male,Referee,['Judo']
2279615,GERRARD David,Male,Referee,"['Diving', 'Marathon Swimming', 'Artistic Swimming', 'Water Polo']"
2279688,MILLER James,Male,Referee,"['Diving', 'Marathon Swimming', 'Artistic Swimming', 'Water Polo']"
2279694,MERKELY Bela Peter,Male,Referee,"['Diving', 'Marathon Swimming', 'Artistic Swimming', 'Water Polo']"
2279704,ELHABIBY Riham,Female,Referee,"['Diving', 'Marathon Swimming', 'Artistic Swimming', 'Water Polo']"
2279707,van den HOOGENBAND Cees,Male,Referee,"['Diving', 'Marathon Swimming', 'Artistic Swimming', 'Water Polo']"
2279712,SHERAFAT VAZIRI Arash,Male,Referee,"['Diving', 'Marathon Swimming', 'Artistic Swimming', 'Water Polo']"
2279716,WINGFIELD WILLIAMS Kristin,Female,Referee,"['Diving', 'Marathon Swimming', 'Artistic Swimming', 'Water Polo']"
2279831,ZHAO Qi,Male,Referee,['Water Polo']
2279833,COMPOIS Benedicte,Female,Referee,['Marathon Swimming']
2279834,CIRIC Mihajlo,Male,Referee,['Water Polo']
2279835,PETERSON Gord,Male,Judge,['Diving']
2279836,MOLINER Angel,Male,Referee,['Water Polo']
2279837,LINDBERG Mathz,Male,Judge,['Diving']
2279838,BRGULJAN Marijo,Male,Referee,['Water Polo']
2279839,KRYNICKI Bartlomiej,Male,Judge,['Diving']
2279841,SOROKINA Anna,Female,Judge,['Diving']
2279842,de JESUS Manuel,Male,Referee,['Water Polo']
2279843,ALSAFFAR Bashar,Male,Judge,['Diving']
2279845,NOVOTNA Hana,Female,Judge,['Diving']
2279846,WILLIS Dion,Male,Referee,['Water Polo']
2279850,FODOR Szabolcs,Male,Referee,['Marathon Swimming']
2279851,KURODA Ken,Male,Referee,['Water Polo']
2279852,KANETO Yuki,Female,Judge,['Diving']
2279853,van VEENHUYZEN Emile,Male,Referee,['Marathon Swimming']
2279855,BROCHERO Monica,Female,Referee,['Water Polo']
2279858,AL ALAWI Abdul Monem,Male,Referee,['Marathon Swimming']
2279859,CAPUTI Massimiliano,Male,Referee,['Water Polo']
2279861,HOEPELMAN Andy,Male,Referee,['Water Polo']
2279862,SOTO Jorge,Male,Referee,['Water Polo']
2279863,BEBIC Milivoj,Male,Referee,['Water Polo']
2279865,BAPTISTA Luis,Male,Referee,['Marathon Swimming']
2279867,CASSIDY S.A. Sid,Male,Referee,['Marathon Swimming']
2279869,HASSAN Mohamed,Male,Judge,['Diving']
2279872,KOH Tony,Male,Judge,['Diving']
2279873,WEERTMAN Ferry,Male,Referee,['Marathon Swimming']
2279874,KASHMIRI Ziyad,Male,Referee,['Marathon Swimming']
2279875,REZVANI Mohsen,Male,Referee,['Water Polo']
2279876,CAMERON Don,Male,Referee,['Water Polo']
2279877,BROOKER Eric,Male,Judge,['Diving']
2279878,GUO Jingjing,Female,Judge,['Diving']
2279879,BOGOMILOVA Tanya,Female,Referee,['Marathon Swimming']
2279880,FARID Hadi,Male,Referee,['Water Polo']
2279881,KOZOMPOLI Stavroula,Female,Referee,['Water Polo']
2279882,MOLNAR Tamas,Male,Referee,['Water Polo']
2279885,PRAYER Andrea,Male,Referee,['Marathon Swimming']
2279886,LI Na,Female,Judge,['Diving']
2279887,WEST John,Male,Referee,['Marathon Swimming']
2279889,PAPAZIAN Richard,Male,Referee,['Water Polo']
2279890,KAMRAU Britta,Female,Referee,['Marathon Swimming']
2279891,KELEMEN Ildiko,Female,Judge,['Diving']
2279893,DONOVAL Sanda,Female,Judge,['Diving']
2279895,ICHIKAWA Ioki,Male,Referee,['Marathon Swimming']
2279896,SALAS Josue,Male,Judge,['Diving']
2279897,MENA Jesus,Male,Judge,['Diving']
2279899,van de BERG Damian,Male,Referee,['Marathon Swimming']
2279900,BECK Melanie,Female,Judge,['Diving']
2279901,CHENG Ho Ming Edward,Male,Referee,['Marathon Swimming']
2280241,de RENZIS Laura,Female,Judge,['Artistic Swimming']
2280242,VIZI Judit,Female,Judge,['Artistic Swimming']
2280243,KAVAKLIOGLU Marie,Female,Judge,['Artistic Swimming']
2280244,ASAHARA Fumiko,Female,Judge,['Artistic Swimming']
2280245,NAIDOO Jennifer,Female,Judge,['Artistic Swimming']
2280246,CROES Esther,Female,Judge,['Artistic Swimming']
2280247,LUO Xi,Female,Judge,['Artistic Swimming']
2280248,HAZLE Betty,Female,Judge,['Artistic Swimming']
2280249,KARAMPELA Despoina,Female,Judge,['Artistic Swimming']
2280250,PAVON Veronica,Female,Judge,['Artistic Swimming']
2280251,KARIMOVA Aliya,Female,Judge,['Artistic Swimming']
2280252,NEPOTACHEVA Anna,Female,Judge,['Artistic Swimming']
2280253,VIGLINO Gabriela,Female,Judge,['Artistic Swimming']
2280254,MONTERO Ana,Female,Judge,['Artistic Swimming']
2280255,SCHOTT Lisa,Female,Judge,['Artistic Swimming']
2280256,CHEW Steve,Male,Judge,['Artistic Swimming']
2280354,BAI Muwei,Female,Judge,['Artistic Swimming']
2280355,HEALD Kara,Female,Judge,['Artistic Swimming']
2280356,ZAPATA AGUDELO Lina Maria,Female,Judge,['Artistic Swimming']
2280357,ARRAM Iman,Female,Judge,['Artistic Swimming']
2280358,SHEPARD Lucia,Female,Judge,['Artistic Swimming']
2280359,SUMI Akiko,Female,Judge,['Artistic Swimming']
2280360,PRATT Ali,Female,Judge,['Artistic Swimming']
2280361,RUSSELL Cheryl,Female,Judge,['Artistic Swimming']
2280362,LERMAN Natalia,Female,Judge,['Artistic Swimming']
2280363,MONTEDONICO Sofia Victoria,Female,Judge,['Artistic Swimming']
2280364,GARCIA GENTA Luciana,Female,Judge,['Artistic Swimming']
2280365,OBERMARK FUNKE Petra,Female,Judge,['Artistic Swimming']
2280366,VEGA COUTO Marisol,Female,Judge,['Artistic Swimming']
2280367,GRICAR Iva,Female,Judge,['Artistic Swimming']
2280368,MUSSON Courtney,Female,Judge,['Artistic Swimming']
2280369,KEUR Rynske,Female,Judge,['Artistic Swimming']
2281421,COLOMBO Raffaele,Male,Referee,['Water Polo']
2281422,DAW Yehia,Male,Judge,['Diving']
2281423,DERVIEUX Sebastien,Male,Referee,['Water Polo']
2281425,FERRARI Alessia,Female,Referee,['Water Polo']
2281427,GILLESPIE Ross,Male,Referee,['Marathon Swimming']
2281428,GOLOVAN Anatoliy,Male,Judge,['Diving']
2281429,GOMEZ PORDOMINGO David,Male,Referee,['Water Polo']
2281430,HODGERS Nicholas,Male,Referee,['Water Polo']
2281432,KIAMBATA Kimbu,Male,Referee,['Marathon Swimming']
2281433,KOVACS-CSATLOS Tamas,Male,Referee,['Water Polo']
2281434,KUROSAKI Chisato,Male,Referee,['Water Polo']
2281445,ISNARD Adrien,Male,Line Judge,['Beach Volleyball']
2281448,LEGRAND Olivier,Male,Line Judge,['Beach Volleyball']
2281449,HORVAIS Azeline,Female,Line Judge,['Beach Volleyball']
2281450,MENDES Zelio,Male,Line Judge,['Beach Volleyball']
2281451,CHARRIERE Fabien,Male,Line Judge,['Beach Volleyball']
2281452,de CASTRO Miguel,Male,Line Judge,['Beach Volleyball']
2281454,NIEL Maxime,Male,Line Judge,['Beach Volleyball']
2281455,TORRE Pietro,Male,Line Judge,['Beach Volleyball']
2281456,le CORVIC Frank,Male,Line Judge,['Beach Volleyball']
2281457,DENIS Olivier,Male,Line Judge,['Beach Volleyball']
2281459,de THY Morgane,Female,Line Judge,['Beach Volleyball']
2281460,TRANCHANT Sebastien,Male,Line Judge,['Beach Volleyball']
2281461,CREPEL Stephane,Male,Line Judge,['Beach Volleyball']
2281462,BRASSART Geoffrey,Male,Line Judge,['Beach Volleyball']
2281463,AGESILAS Yael,Male,Line Judge,['Beach Volleyball']
2281466,TANGUY Ludivine,Female,Line Judge,['Beach Volleyball']
2281467,RANCHAL Lilian,Male,Line Judge,['Beach Volleyball']
2281469,PIETRASIK Theo,Male,Line Judge,['Beach Volleyball']
2281471,GREUILLET Laurence,Female,Line Judge,['Beach Volleyball']
2281472,MAMERI Fahim,Male,Line Judge,['Beach Volleyball']
2281520,ZWI Noam,Male,Judge,['Artistic Swimming']
2281953,OHME Frank,Male,Referee,['Water Polo']
2281954,TOULOUDIS Nikolaos,Male,Judge,['Diving']
2281955,PEREZ Angel,Male,Judge,['Diving']
2281956,TOMLINSON Vicki,Female,Judge,['Diving']
2281957,LEE William,Male,Judge,['Diving']
2281958,MARGETA Boris,Male,Referee,['Water Polo']
2281959,STEWART Lee-Anne,Female,Referee,['Water Polo']
2281960,MISKOVIC Veselin,Male,Referee,['Water Polo']
2281962,ZWART Michiel,Male,Referee,['Water Polo']
2281963,Mc CALL Jennifer Erin,Female,Referee,['Water Polo']
2281964,SZEKFFY Nora,Female,Judge,['Diving']
2281965,STABILE Jeffrey,Male,Judge,['Diving']
2281967,YEOH Ken Nee,Male,Judge,['Diving']
2281971,POTVIN Sylvie,Female,Referee,['Marathon Swimming']
2281973,PUTNIKOVIC Vojin,Male,Referee,['Water Polo']
2281974,MIN Seoghong,Male,Judge,['Diving']
2281976,SPIRITOSANTO Darren Brown,Male,Referee,['Water Polo']
2281977,MEHALHEL Yasser Ali Said,Male,Referee,['Water Polo']
2281978,MARKOPOULOU Natalia,Female,Referee,['Water Polo']
2281979,RODRIGUEZ Angelique,Female,Judge,['Diving']
2281980,SCHREUDERS Frits Albert,Male,Referee,['Marathon Swimming']
2281990,van der VOORT Ronald,Male,Judge,['Diving']
2281996,SOH Soh Yew Siang,Male,Referee,['Marathon Swimming']
2281997,RAK Mladen,Male,Referee,['Water Polo']
2281998,STAVRIDIS Georgios,Male,Referee,['Water Polo']
2288825,SHAHRIYARI Paria,Female,Referee,['Football']
2292964,BOYER James,Male,Referee,['Basketball']
2310748,MOY,Male,Judge C,['Breaking']
2318060,BROOKER Gillian,Female,Judge,['Diving']
2318063,CALDERARA Gianluca,Male,Judge,['Diving']
2318067,ARUMBOWO Pranarta,Male,Judge,['Diving']
2318076,AZORIN Daniel,Male,Judge,['Diving']
2318080,BANUELOS Ricardo,Male,Judge,['Diving']
2318089,BUSH Barb,Female,Judge,['Diving']
2318093,SCHLEPPS Holger,Male,Judge,['Diving']
2318098,CABANAS Marta,Female,Referee,['Water Polo']
2318102,ALEXANDRESCU Adrian,Male,Referee,['Water Polo']
2473637,SAITO Satoru,Male,Referee,['Taekwondo']
2473638,RODRIGUEZ Guillermo,Male,Referee,['Taekwondo']
2473639,LEE Jeng Yen,Female,Referee,['Taekwondo']
2473640,BAGHERI KALMARZI Masoumeh,Female,Referee,['Taekwondo']
2473641,LEVAI Ksenija,Female,Referee,['Taekwondo']
2473642,CHOI Yongbae,Male,Referee,['Taekwondo']
2473643,KHORASSANDJIAN Daniel,Male,Referee,['Taekwondo']
2473644,RAILEANU Stefan,Male,Referee,['Taekwondo']
2473645,SCHEFFLER Agnieszka,Female,Referee,['Taekwondo']
2473646,STARKOV Andriy,Male,Referee,['Taekwondo']
2473647,WHITE Nichola,Female,Referee,['Taekwondo']
2473648,REZENDE Marcelo,Male,Referee,['Taekwondo']
2473649,JUMAN Alissa,Female,Referee,['Taekwondo']
2473650,BOYD DIAZ Susana,Female,Referee,['Taekwondo']
2473651,KIM Denis,Male,Referee,['Taekwondo']
2473652,SADEGHI Hassan,Male,Referee,['Taekwondo']
2475179,DJLASSI Anouer,Male,Referee,['Taekwondo']
2475180,ORNELAS CABALLERO Araceli,Female,Referee,['Taekwondo']
2475181,MAROT Jelena,Female,Referee,['Taekwondo']
2475197,ZHU Linfang,Female,Referee,['Taekwondo']
2476088,PAINCHAUD Helene,Female,Referee,['Water Polo']
2480085,MENHEL Yauheniya,Female,Referee,['Wrestling']
2480087,DAMIENS Serge,Male,Referee,['Wrestling']
2480088,CAUVIN Sophie,Female,Referee,['Wrestling']
2480089,le GLEUT Regine,Female,Referee,['Wrestling']
2480090,VAZEILLES Pierre,Male,Referee,['Wrestling']
2480091,GUYOT Nicolas,Male,Referee,['Wrestling']
2480092,BRELET Esther,Female,Referee,['Wrestling']
2480093,JOAL Cedric,Male,Referee,['Wrestling']
2480094,FAUVEAU Marion,Female,Referee,['Wrestling']
2480095,LAISSAOUI Iliass,Male,Referee,['Wrestling']
2480096,LEBEE Jason,Male,Referee,['Wrestling']
2480097,AKA Akesse Kouadio Vincent,Male,Referee,['Wrestling']
2480098,SOMON Jordan,Male,Referee,['Wrestling']
2480099,FERNANDEZ LOBO da COSTA Joao Vitor,Male,Referee,['Wrestling']
2480121,BEISEMBAYEV Olzhas,Male,Referee,['Wrestling']
2480151,SIMSEK Onur,Male,Referee,['Wrestling']
2480426,ALADARBEH Ayman,Male,Referee,['Taekwondo']
2480430,ISSA SAMSOU Ibrahim,Male,Referee,['Taekwondo']
2480431,FORNARO Erika,Female,Referee,['Taekwondo']
2480432,WU Yuting,Female,Referee,['Taekwondo']
2480534,ELSAYED May,Female,Referee,['Taekwondo']
2481849,CARTER Ingrid Dannette,Female,Judge,['Boxing']
2482372,METAHNI Dorsaf,Female,Referee,['Wrestling']
2482375,ERSOY Orhun,Male,Referee,['Wrestling']
2482551,SHIRALIYEV Asif,Male,Referee,['Wrestling']
2482584,KIM Dmitriy,Male,Referee,['Taekwondo']
2482611,IMANI Amal,Female,Referee,['Wrestling']
2483779,GUT la RAGIONE Livia,Female,Judge,['Artistic Swimming']
2483785,SIULZHYN Valiantsin,Male,Referee,['Wrestling']
2483837,ABDALLA Marwa,Female,Referee,['Wrestling']
2483874,SADEGHI Nima,Male,Referee,['Wrestling']
2483960,ISMAEL Hadi,Male,Referee,['Wrestling']
2484641,LIGAY Igor,Male,Referee,['Wrestling']
2484901,ZHUMABEKOV Yerik,Male,Referee,['Wrestling']
2489078,TRIGO Nuno,Male,Technical Official,['Surfing']
2489144,ELLIOTT Glen,Male,Technical Official,['Surfing']
2489171,MOORE Kevin,Male,Technical Official,['Surfing']
2490710,CAMUS Pauline,Female,Referee,['Judo']
2490711,JAMMET Romain,Male,Referee,['Judo']
2490712,ALESSANDRINI FANTIN Vincent,Male,Referee,['Judo']
2490713,DUGLOUD Cedric,Male,Referee,['Judo']
2490714,LALLE Cedric,Male,Referee,['Judo']
2490715,DANVERS Stephanie,Female,Referee,['Judo']
2490716,LOPES Jose,Male,Referee,['Judo']
2490717,CHARPENTIER Julia,Female,Referee,['Judo']
2490718,BERTHAULT Laura,Female,Referee,['Judo']
2490719,GIRARDEY Sebastien,Male,Referee,['Judo']
2490720,ZOUAOUI Akila,Female,Referee,['Judo']
2490721,LAJEUNCOMME David,Male,Referee,['Judo']
2490722,FAUROUX Eric,Female,Referee,['Judo']
2490723,CARON Pascal,Male,Referee,['Judo']
2490724,SABLIER Laurence,Female,Referee,['Judo']
2490725,BRETAUDEAU Jerome,Male,Referee,['Judo']
2490726,DROISSART Jerome,Male,Referee,['Judo']
2490727,LAPLANCHE Emilie,Female,Referee,['Judo']
2490728,PHAM Huu Hanh,Male,Referee,['Judo']
2490729,GORGETTE Julien,Male,Referee,['Judo']
2490851,le GALLO Maxime,Male,Judge,['Trampoline Gymnastics']
2490853,LAVERGNE Lilian,Male,Judge,['Trampoline Gymnastics']
2490854,CLOUD Cyril,Male,Judge,['Trampoline Gymnastics']
2490855,HEBANT Valerie,Female,Judge,['Trampoline Gymnastics']
2490856,BOURGIT Carole,Female,Judge,['Trampoline Gymnastics']
2490861,DESPORTE Laurent,Male,Judge,['Artistic Gymnastics']
2490864,de CARVALHO Sarah,Female,Judge,['Artistic Gymnastics']
2490876,BUYS Mickael,Male,Judge,['Artistic Gymnastics']
2490881,GAGNIERE Thomas,Male,Judge,['Artistic Gymnastics']
2490887,MEREL Erwan,Male,Judge,['Artistic Gymnastics']
2490891,de COSSIO Isabelle,Female,Judge,['Rhythmic Gymnastics']
2490892,ANDRIESSE Anne-Sophie,Female,Judge,['Rhythmic Gymnastics']
2490893,GARBIN Amandine,Female,Judge,['Rhythmic Gymnastics']
2490894,DROUARD Benedite,Female,Judge,['Rhythmic Gymnastics']
2490895,BAREL Anne Valerie,Female,Judge,['Rhythmic Gymnastics']
2490896,LAUTH Dominique,Female,Judge,['Rhythmic Gymnastics']
2490897,LICHTLE Agnes,Female,Judge,['Rhythmic Gymnastics']
2490898,MARTEL Camille,Female,Judge,['Rhythmic Gymnastics']
2490899,ROBIN Stephanie,Female,Judge,['Rhythmic Gymnastics']
2490900,ROUSSOT Maud,Female,Judge,['Rhythmic Gymnastics']
2490901,SALINIER Camille,Female,Judge,['Rhythmic Gymnastics']
2490916,VERBOOM Jef,Male,Judge,['Cycling BMX Freestyle']
2490918,ROLHION Olivier,Male,Judge,['Cycling BMX Freestyle']
2490919,ADRIX Remi,Male,Judge,['Cycling BMX Freestyle']
2491197,KANTE Dramane,Male,Referee,['Taekwondo']
2491198,EMMANUEL EMILE Harry,Male,Referee,['Taekwondo']
2491199,LEPERT Marie,Female,Referee,['Taekwondo']
2491200,LARABI Rafika,Female,Referee,['Taekwondo']
2491201,AMMI Fatima,Female,Referee,['Taekwondo']
2491203,MORENO Jean Anthony,Male,Referee,['Taekwondo']
2491204,MIYAHOUENOU Joel,Male,Referee,['Taekwondo']
2491205,DUVERNOIS Jacques,Male,Referee,['Taekwondo']
2491206,BAYLOU Maud Francoise,Female,Referee,['Taekwondo']
2491207,SEMBONA Serge,Male,Referee,['Taekwondo']
2491209,THABET Sinaa,Female,Referee,['Taekwondo']
2491271,DOHOLLOU Loisa,Female,Referee,['Basketball']
2491272,ABID Valentin,Male,Referee,['Basketball']
2491273,BAERMANN Laetitia,Female,Referee,['Basketball']
2491274,BAILLY Laurence,Female,Referee,['Basketball']
2491275,BAUMARD Benjamin,Male,Referee,['Basketball']
2491276,BERNHARD Denis,Male,Referee,['Basketball']
2491277,BOOS Christelle,Female,Referee,['Basketball']
2491278,CASAL SOMOZA Emilia,Female,Referee,['Basketball']
2491279,CHERASSE Laurent,Male,Referee,['Basketball']
2491280,DELARUE Gregoire,Male,Referee,['Basketball']
2491281,DENISE Frederic,Male,Referee,['Basketball']
2491282,DESMIS David,Male,Referee,['Basketball']
2491283,DUBOIS Coralie,Female,Referee,['Basketball']
2491284,DUPREY David,Male,Referee,['Basketball']
2491285,DUTOYA Benedicte,Female,Referee,['Basketball']
2491286,ETIENNE Audrey,Female,Referee,['Basketball']
2491287,FRITZ Michele,Female,Referee,['Basketball']
2491288,GAUDIN Sophie,Female,Referee,['Basketball']
2491289,HENRIOT Gwennaelle,Female,Referee,['Basketball']
2491290,HERON Stephane,Male,Referee,['Basketball']
2491291,HUARD Francois,Male,Referee,['Basketball']
2491292,KOPP Audrey,Female,Referee,['Basketball']
2491293,LABORDE Marie Pierre,Female,Referee,['Basketball']
2491294,LAMARQUE Vincent,Male,Referee,['Basketball']
2491295,LAURANCY Cedric,Male,Referee,['Basketball']
2491296,LUSSON Stephane,Male,Referee,['Basketball']
2491297,MARTIN Hugo,Male,Referee,['Basketball']
2491298,MATTON Jean Pierre,Male,Referee,['Basketball']
2491299,MORENTE Jean Marc,Male,Referee,['Basketball']
2491300,POIRIER Emmanuelle,Female,Referee,['Basketball']
2491301,POURTAU Charlotte,Female,Referee,['Basketball']
2491302,ROCHE Fabrice,Male,Referee,['Basketball']
2491303,SARAMITO Isabelle,Female,Referee,['Basketball']
2491304,SAVIO Jose,Male,Referee,['Basketball']
2491305,SOUSSIA Benjamin,Male,Referee,['Basketball']
2491306,TANGUY Laura,Female,Referee,['Basketball']
2491307,USCLADE Virginie,Female,Referee,['Basketball']
2491308,VANCOILLIE Cedric,Male,Referee,['Basketball']
2491309,VERON Thierry,Male,Referee,['Basketball']
2491310,VIOLLEAU Anne Sophie,Female,Referee,['Basketball']
2491529,SHIPLEY David,Male,Technical Official,['Surfing']
2492445,NEWMAN Zeke,Male,Umpire,['Hockey']
2495111,KHIDOYATOV Eshpulat,Male,Referee,['Wrestling']
2498247,BURNETT Sally,Female,Jury Member,['Sailing']
2499018,DAVANZO Giorgio,Male,Jury Member,['Sailing']
2499102,REYNOLDS Alexander,Male,Technical Official,['Surfing']
2499115,WALLIS Kevin,Male,Technical Official,['Surfing']
2500371,KLIMA Philippe,Male,Technical Official,['Surfing']
2500375,LLAMBIAS OTTONE Ixa,Female,Technical Official,['Surfing']
2501428,BROQUA Jean,Male,Referee,['Rugby Sevens']
2501429,JOLICARD Solene,Female,Referee,['Rugby Sevens']
2501430,ARNALDI Marie Christine,Female,Referee,['Rugby Sevens']
2501432,BRU Pierre,Male,Referee,['Rugby Sevens']
2501433,LOURENCO Tristan,Male,Referee,['Rugby Sevens']
2501434,URRUZMENDI Evan,Male,Referee,['Rugby Sevens']
2501435,ACHARD Florence,Female,Referee,['Rugby Sevens']
2501436,TREHARD Julien,Male,Referee,['Rugby Sevens']
2501437,PUECH Lucile,Female,Referee,['Rugby Sevens']
2501438,LEBOEUF Melissa,Female,Referee,['Rugby Sevens']
2501439,LEBEGUE Martin,Female,Referee,['Rugby Sevens']
2501440,FERRE Alexandra,Female,Referee,['Rugby Sevens']
2501441,BARROMES Fabien,Male,Referee,['Rugby Sevens']
2501442,BYNG Stephen,Male,Referee,['Rugby Sevens']
2501443,MONTOCCHIO Agathe,Female,Referee,['Rugby Sevens']
2501444,FONDRAT Guillaume,Male,Referee,['Rugby Sevens']
2501445,LABORDE Cedric,Male,Referee,['Rugby Sevens']
2501446,VIDAL Pauline,Female,Referee,['Rugby Sevens']
2501447,HUESCA Sophie,Female,Referee,['Rugby Sevens']
2627678,WEI Benjamin,Male,Technical Official,['Surfing']
2697110,KORTE Kurt,Male,Technical Official,['Surfing']
2780660,ATAY Zeynel Lutfu,Male,Referee,['Wrestling']
2786885,LOWENTHAL Dillan,Male,Technical Official,['Surfing']
2796245,BOUSSARD Michel,Male,Judge,['Diving']
2796266,LEFRANC Florence,Female,Judge,['Artistic Swimming']
2796268,CAOUS Daniel,Male,Judge,['Diving']
2796280,BILLIET Marie Pascale,Female,Judge,['Artistic Swimming']
2796283,SUZANNE Benoit,Male,Judge,['Diving']
2796285,GARCIA RODRIGO Ivan,Male,Judge,['Diving']
2796294,CANO Tanguy,Male,Judge,['Diving']
2796298,de la LLAVE Teddy,Male,Judge,['Diving']
2796300,DOIMO Sandra,Female,Judge,['Artistic Swimming']
2796302,CUPILLARD Dominique,Female,Judge,['Artistic Swimming']
2796306,CLEMENCON Michele,Female,Judge,['Diving']
2796328,PORCU Noel,Male,Judge,['Diving']
2796330,NEUVILLE Sylvie,Female,Judge,['Artistic Swimming']
2844406,MULLER-THYSSEN Maria,Male,Referee,['Handball']
2844513,JORUM Lars,Male,Referee,['Handball']
2844649,SALAH Morad,Male,Referee,['Handball']
2844759,KURTAGIC Mirza,Male,Referee,['Handball']
2871936,BADJI Riadh,Male,Judge,['Boxing']
2871948,KAZAKOV Dilshod,Male,Judge,['Boxing']
2871958,MENCHAOUI Hichem,Male,Judge,['Boxing']
2871969,TSERENKHAND Tsogtgerel,Female,Judge,['Boxing']
2871999,BEKPENBETOV Bakytzhan,Male,Judge,['Boxing']
2872012,ABALOS Maximo,Male,Referee,['Boxing']
2872023,SOUILMI Mouhsine,Male,Referee,['Boxing']
2872035,BORDBAR HAGHIGHI SABET Babak,Male,Referee,['Boxing']
2872046,MOKRETARI Sid Ali,Male,Referee,['Boxing']
2872050,BYAMBABAYAR Atarbayar,Male,Referee,['Boxing']
2872377,ADEOTI Mosunmola,Female,Judge,['Boxing']
2872584,ILDEBAYEVA Ainur,Female,Judge,['Boxing']
2872818,SADEGH POOR Farzad,Male,Referee,['Boxing']
2873696,SRICHAISAWAT Paiboon,Male,Judge,['Boxing']
2873804,IGUBAYEV Aslan,Male,Judge,['Boxing']
2873953,AMMOURA Nacera,Female,Judge,['Boxing']
2875808,NASIROVA Leyla Arif Qizi,Female,Judge,['Boxing']
2876696,SVYATOCHA Boris,Male,Judge,['Boxing']
2973407,VALENZUELA GOMEZ Cesar Fernando,Male,Judge,['Artistic Gymnastics']
2973413,PALAMARA Ioulia,Female,Judge,['Artistic Gymnastics']
2973422,HUNT Caroline,Female,Judge,['Rhythmic Gymnastics']
3002003,BAKE Giovanni,Male,Referee,['Beach Volleyball']
3047340,PAVICEVIC Ivan,Male,Referee,['Handball']
3047342,BELKHIRI Youcef,Male,Referee,['Handball']
3047343,HAMIDI Sidali,Male,Referee,['Handball']
3047344,PAOLANTONI Maria Ines,Female,Referee,['Handball']
3047345,GARCIA Mariana,Female,Referee,['Handball']
3047346,KONJICANIN Dino,Male,Referee,['Handball']
3047347,KONJICANIN Amar,Male,Referee,['Handball']
3047348,HORACEK Vaclav,Male,Referee,['Handball']
3047349,NOVOTNY Jiri,Male,Referee,['Handball']
3047350,HANSEN Mads,Male,Referee,['Handball']
3047351,MADSEN Jesper,Male,Referee,['Handball']
3047352,MARIN LORENTE Andreu,Male,Referee,['Handball']
3047353,GARCIA Ignacio,Male,Referee,['Handball']
3047354,BONAVENTURA Julie,Female,Referee,['Handball']
3047355,BONAVENTURA Charlotte,Female,Referee,['Handball']
3047356,SCHULZE Robert,Male,Referee,['Handball']
3047357,TOENNIES Tobias,Male,Referee,['Handball']
3047358,MERZ Maike,Female,Referee,['Handball']
3047359,KUTTLER Tanja,Female,Referee,['Handball']
3047360,BIRO Adam,Male,Referee,['Handball']
3047361,KISS Oliver,Male,Referee,['Handball']
3047362,NACHEVSKI Gjorgji,Male,Referee,['Handball']
3047363,NIKOLOV Slave,Male,Referee,['Handball']
3047364,RAZNATOVIC Milos,Male,Referee,['Handball']
3047365,KLEVEN Havard,Male,Referee,['Handball']
3047366,LAH Bojan,Male,Referee,['Handball']
3047367,SOK David,Male,Referee,['Handball']
3047368,BRUNNER Arthur,Male,Referee,['Handball']
3047369,WETTERWIK Mattias,Male,Referee,['Handball']
3052943,BRUDEY Jean Francois,Male,Line Judge,['Beach Volleyball']
3060392,BAS Andrej,Male,Referee,['3x3 Basketball']
3060402,TRONTELJ Gorazd,Male,Referee,['3x3 Basketball']
3060403,SHIMOYAMA Waka,Female,Referee,['3x3 Basketball']
3060404,YAGI Aki,Female,Referee,['3x3 Basketball']
3060405,MATSUMOTO Tsunemi,Female,Referee,['3x3 Basketball']
3060406,HEGEDUSNE STION Eva,Female,Referee,['3x3 Basketball']
3060407,BOZJAK Ziga,Male,Referee,['3x3 Basketball']
3060408,SANKOVIC Andraz,Male,Referee,['3x3 Basketball']
3060409,GOGALA Eva,Female,Referee,['3x3 Basketball']
3060410,FULOP Adam,Male,Referee,['3x3 Basketball']
3060411,JUG Ana,Female,Referee,['3x3 Basketball']
3060412,KECSKEMETI Elizabeth,Female,Referee,['3x3 Basketball']
3062446,MANNO Timothy,Male,Technical Official,['Surfing']
3518627,PICSON Maria Karina,Female,Judge,['Boxing']
3521177,OOMMEN George,Male,Referee,['Football']
4193219,KOWLOON,Male,Judge F,['Breaking']
4652045,REY David,Male,Referee,['Wrestling']
4654128,BARTHE SADRAN Marie,Female,Judge,['Boxing']
4654138,KUSSMAUL Holger,Male,Referee,['Boxing']
4968543,CAMPANILE Nicolas,Male,Judge,['Artistic Gymnastics']
